-- phpMyAdmin SQL Dump
-- version 4.9.2
-- https://www.phpmyadmin.net/
--
-- Hôte : 127.0.0.1:3306
-- Généré le :  ven. 02 oct. 2020 à 18:58
-- Version du serveur :  10.4.10-MariaDB
-- Version de PHP :  7.3.12

SET SQL_MODE = "NO_AUTO_VALUE_ON_ZERO";
SET AUTOCOMMIT = 0;
START TRANSACTION;
SET time_zone = "+00:00";


/*!40101 SET @OLD_CHARACTER_SET_CLIENT=@@CHARACTER_SET_CLIENT */;
/*!40101 SET @OLD_CHARACTER_SET_RESULTS=@@CHARACTER_SET_RESULTS */;
/*!40101 SET @OLD_COLLATION_CONNECTION=@@COLLATION_CONNECTION */;
/*!40101 SET NAMES utf8mb4 */;

--
-- Base de données :  `tutoratrefontewksp`
--

-- --------------------------------------------------------

--
-- Structure de la table `archive`
--

--
-- Structure de la table `matiere`
--

DROP TABLE IF EXISTS `matiere`;
CREATE TABLE IF NOT EXISTS `matiere` (
  `id_matiere` varchar(40) COLLATE utf8mb4_unicode_ci NOT NULL,
  `intitule` text COLLATE utf8mb4_unicode_ci NOT NULL,
  `validationAdmin` tinyint(1) NOT NULL,
  PRIMARY KEY (`id_matiere`)
) ENGINE=InnoDB DEFAULT CHARSET=utf8mb4 COLLATE=utf8mb4_unicode_ci;

--
-- Déchargement des données de la table `matiere`
--

INSERT INTO `matiere` (`id_matiere`, `intitule`, `validationAdmin`) VALUES
('21B3918D-91B1-4531-90D1-461A6AACC388', 'HTML/CSS', 1),
('393FDCEF-9C72-470D-A395-1053FF333F62', 'Linux', 1),
('415B4DC5-399D-4502-84CB-A85719C1DDEC', 'Algo/C', 1),
('50642180-2091-436F-86A0-3DBD9D9EE8FA', 'Oral/Soutenance', 1),
('54D53570-1A5E-4498-B8DA-69FA88D84725', 'Participation', 1),
('5A47A021-0810-46E4-B48A-627CAA3A2EE2', 'Communication', 1),
('5C5C7594-13C8-436E-ABA9-9C0250B1829E', 'Git', 1),
('670F6536-E887-4D6D-9F7E-FB5CC8E81F6D', 'PHP', 1),
('6BD2949D-D314-4D9C-8D7A-1579C0FC6EA7', 'Anglais', 1),
('6BF2F248-F663-4298-B013-9C734085838A', 'Javascript', 1),
('803B665F-DC97-44D6-94F5-A6E9165542FC', 'API', 1),
('85597B6A-2E9C-4567-A7C0-669E7AE8215C', 'Merise', 1),
('9143639E-256D-489B-B41B-7A1F5ADB191C', 'UML', 1),
('AD0FA378-CC0C-4250-87D4-D36C1F62EA14', 'WordPress', 1),
('AE7B1943-3561-4194-9990-AD094E7C537D', 'Marketing/Emailing', 1),
('B35E8D8C-9EC9-4421-847F-156DE0C3177C', 'ORACLE SQL', 1),
('B634089F-7F04-48AF-A140-69C5AD6479DD', 'Python', 1),
('B6D7A7FE-4ED8-4333-8D5D-4DC313296184', 'SEO', 1),
('C0745973-1A24-445A-8F6E-73F49C2380DB', 'SQL', 1),
('C1185012-7BEA-4E04-9949-F18229745256', 'Maths', 1),
('C311E3B8-D033-47CA-BC2A-CD26A2B43382', 'Gestion de projet', 1),
('CE47C0C9-1064-46F3-A340-0F88F34D3316', 'CV/Stage', 1),
('D1607F71-9140-4E4D-B15B-FCC950966810', 'C#', 1),
('D6D2AD87-8A5F-4E0A-9258-FBE4283B3819', 'Réseau', 1),
('E01952AB-67A7-4933-95F0-453990EB9159', 'ORM C#', 1),
('E432886C-77A6-4CC8-8C2B-2CA95DDCAA80', 'Bash', 1),
('FA4E6CD6-87B2-42A3-A3F7-8BF484BBCDA6', 'Scripting', 1),
('FCAE5FC7-D5D3-43E9-881D-80DA214B7FFC', 'Java', 1);

-- --------------------------------------------------------

DROP TABLE IF EXISTS `archive`;
CREATE TABLE IF NOT EXISTS `archive` (
  `id_archive` varchar(40) COLLATE utf8mb4_unicode_ci NOT NULL,
  `id_matiere` varchar(40) COLLATE utf8mb4_unicode_ci NOT NULL,
  `date` timestamp NOT NULL DEFAULT current_timestamp(),
  `commentaires` text COLLATE utf8mb4_unicode_ci DEFAULT NULL,
  `nbParticipants` int(11) DEFAULT NULL,
  `duree` int(11) DEFAULT NULL,
  PRIMARY KEY (`id_archive`),
  KEY `Fk_MatiereArchive` (`id_matiere`)
) ENGINE=InnoDB DEFAULT CHARSET=utf8mb4 COLLATE=utf8mb4_unicode_ci;

--
-- Déchargement des données de la table `archive`
--

INSERT INTO `archive` (`id_archive`, `id_matiere`, `date`, `commentaires`, `nbParticipants`, `duree`) VALUES
('08917042-1440-4B58-8DBD-26A58FDAF593', '670F6536-E887-4D6D-9F7E-FB5CC8E81F6D', '2020-02-27 16:45:00', NULL, 5, 2),
('0AF64BD1-BEC4-4C33-BF68-2B808942CA14', '9143639E-256D-489B-B41B-7A1F5ADB191C', '2019-12-10 17:00:00', 'Travail sur des sujets sur Modelio et révision des notions', 3, 2),
('171C9FBE-320F-4496-86FE-BF45473A2B30', 'C0745973-1A24-445A-8F6E-73F49C2380DB', '2019-10-16 16:00:00', 'Révision SQL bases rqt + Merise', 10, 1),
('1B6B955F-6E7A-48BB-85D8-CEA22A8C6187', '5C5C7594-13C8-436E-ABA9-9C0250B1829E', '2020-01-29 16:00:00', 'Personne venu', NULL, NULL),
('1BA087B9-4AD7-43EA-98DC-C9F50CFAA623', '670F6536-E887-4D6D-9F7E-FB5CC8E81F6D', '2019-12-20 14:15:00', '^^', 2, 1),
('1F1F2BE6-796A-44E9-8CB2-1AEC19019523', '670F6536-E887-4D6D-9F7E-FB5CC8E81F6D', '2019-11-14 16:00:00', 'PHP - C algo pur', 9, 2),
('24A58EBA-6B7D-4149-9ED0-43DFD897BAF2', '670F6536-E887-4D6D-9F7E-FB5CC8E81F6D', '2019-12-19 16:30:00', NULL, 5, 1),
('24C43918-AD50-4CDD-A04C-59351BD738BC', '50642180-2091-436F-86A0-3DBD9D9EE8FA', '2019-12-17 17:15:00', 'Peux pas assurer le cours', NULL, NULL),
('25BFFE3E-AB72-4DF7-BA28-4EADA50E5B5A', '415B4DC5-399D-4502-84CB-A85719C1DDEC', '2020-01-31 08:00:00', 'Personne venu', NULL, NULL),
('271B0C0E-E68D-4823-9EDB-DFC038298B17', '9143639E-256D-489B-B41B-7A1F5ADB191C', '2019-12-09 16:00:00', 'Revisions des notions UML Début utilisation de Modelio', 5, 1),
('28AD32E5-D3A8-456B-B79C-F09D71DC4D97', '21B3918D-91B1-4531-90D1-461A6AACC388', '2020-01-14 16:15:00', 'révision des bases du balisage/taggage, standardisation des arborescences', 5, 2),
('2DDE713E-162E-4184-905A-5014027DB549', '415B4DC5-399D-4502-84CB-A85719C1DDEC', '2020-02-13 14:20:00', '-&gt; C , question , reprise des bases, questions sur les pointeurs et allocation mémoire, aide de Mathis, et de Burgaudeau Antoine ^^', 11, 3),
('2F64086F-D6FB-4ADF-9701-8226584103DE', 'B6D7A7FE-4ED8-4333-8D5D-4DC313296184', '2020-03-09 10:00:00', NULL, 2, 2),
('33413752-E6D4-44C4-BDBC-E8A8609065D5', 'CE47C0C9-1064-46F3-A340-0F88F34D3316', '2019-12-06 16:15:00', NULL, 3, 1),
('3A232C25-8812-4718-BD19-AA474D491F0C', '415B4DC5-399D-4502-84CB-A85719C1DDEC', '2020-01-29 16:15:00', 'Bases pointeurs', 2, 1),
('40FF3A4C-C5E4-4E59-81C6-280446AB3E79', 'CE47C0C9-1064-46F3-A340-0F88F34D3316', '2019-12-12 17:10:00', NULL, 4, 1),
('41AF2895-6E78-4055-8E49-12FB8219C853', '6BF2F248-F663-4298-B013-9C734085838A', '2019-10-17 15:15:00', NULL, 6, 1),
('42328E6D-2823-4DCB-AE29-09C87E96C862', '393FDCEF-9C72-470D-A395-1053FF333F62', '2019-12-17 16:00:00', NULL, 5, 1),
('42BB5FE1-9C2F-4196-A12C-5FD2CDFFCEB8', 'D1607F71-9140-4E4D-B15B-FCC950966810', '2020-01-17 16:30:00', 'Personne venu', NULL, NULL),
('480673A9-3145-4C97-BCF6-A200CEE9D097', '415B4DC5-399D-4502-84CB-A85719C1DDEC', '2019-12-12 17:00:00', 'Peux pas assurer le cours', NULL, NULL),
('4A327274-E389-4F6E-A5D3-1EB646468C67', '6BD2949D-D314-4D9C-8D7A-1579C0FC6EA7', '2019-12-11 16:00:00', NULL, 3, 2),
('4C1E57D8-BD6A-4C39-9485-B16A2DD51D1B', 'C1185012-7BEA-4E04-9949-F18229745256', '2020-03-11 13:00:00', 'Tutorat donné par Antoine Burgaudeau\r\nPersonnes présentes:\r\nKilian LeMoal\r\nElliot Decle\r\nPriscillia Dezettre', 3, 2),
('4D862928-60E1-435E-9FF3-FFF1D01E9326', 'B35E8D8C-9EC9-4421-847F-156DE0C3177C', '2019-10-18 08:00:00', 'Peux pas assurer le cours', NULL, NULL),
('50E4ABF3-D392-4EA1-B4A6-5E342CDF87ED', 'C0745973-1A24-445A-8F6E-73F49C2380DB', '2019-12-05 16:00:00', 'JOIN + WHERE', 1, 2),
('5D00B233-F3A6-4D34-8D5D-F4F298012C16', '5C5C7594-13C8-436E-ABA9-9C0250B1829E', '2020-01-10 17:00:00', 'Peux pas assurer le cours', NULL, NULL),
('6D98CD77-5C01-4C9C-B6E2-28C6C449D640', '50642180-2091-436F-86A0-3DBD9D9EE8FA', '2020-04-28 13:00:00', NULL, 43, 2),
('6FA8DB5A-9EA0-45E2-8899-0E2DADF88678', '21B3918D-91B1-4531-90D1-461A6AACC388', '2019-10-21 13:00:00', 'Petit tuto pratique sur les bases HTML + CSS  : faire une vitrine sur un sujet qui plait, entrainer sur les technos. ', 11, 2),
('7651EADD-032D-423E-9B3D-1F598C18BD4C', '393FDCEF-9C72-470D-A395-1053FF333F62', '2019-12-16 16:30:00', 'Installation de Debian laborieuse', 10, 1),
('7B0AAD08-7C99-4828-AB8D-3D714BAA0FF8', 'C0745973-1A24-445A-8F6E-73F49C2380DB', '2019-11-27 16:00:00', 'SELECT/INSERT/UPDATE/DELETE', 9, 2),
('834E32A3-4189-40E5-8B12-27DFB9066CC7', 'D6D2AD87-8A5F-4E0A-9258-FBE4283B3819', '2019-12-11 16:00:00', 'Personne venu', NULL, NULL),
('8895F198-F429-4B78-89F0-0AD1E4DB75FD', '415B4DC5-399D-4502-84CB-A85719C1DDEC', '2020-02-06 08:00:00', NULL, 2, 2),
('8AF7D1C8-D1C8-49FB-A881-B23AC051E511', '415B4DC5-399D-4502-84CB-A85719C1DDEC', '2020-02-13 16:10:00', 'Peux pas assurer le cours', NULL, NULL),
('8F1F95CB-192D-41AF-AE19-20E505775BCE', '670F6536-E887-4D6D-9F7E-FB5CC8E81F6D', '2019-12-20 16:15:00', NULL, 3, 2),
('9698AED9-9EA4-4AF2-B71B-9BAD15923A6A', '54D53570-1A5E-4498-B8DA-69FA88D84725', '2020-02-13 16:00:00', 'personne', 1, 0),
('96E02017-56D6-4AB2-95BA-DC96699D3469', '415B4DC5-399D-4502-84CB-A85719C1DDEC', '2019-10-08 15:30:00', NULL, 6, 1),
('985D7BCC-9C71-466B-BB49-70D3BF8F0AF5', '415B4DC5-399D-4502-84CB-A85719C1DDEC', '2019-10-09 14:00:00', 'Révision des palindromes en algorithmique', 3, 1),
('9B0ADF18-8FA9-4306-9572-FB707C01C30C', 'D6D2AD87-8A5F-4E0A-9258-FBE4283B3819', '2019-12-05 16:15:00', 'Découpage masque sous réseau Différences adresses machines/réseaux\r\nExpliqué par monsieur Pierro de la negra plutot que moi', 6, 2),
('9D55EEDC-4697-48E8-A184-6C99D48F75F8', '670F6536-E887-4D6D-9F7E-FB5CC8E81F6D', '2020-01-20 16:15:00', NULL, 1, 2),
('A2733366-FFC3-426A-9BC7-C3A2B517732F', '670F6536-E887-4D6D-9F7E-FB5CC8E81F6D', '2019-11-20 17:00:00', NULL, 9, 1),
('A997EAF4-FFE2-4BA4-BE7C-D8B7E1F9BDE7', '670F6536-E887-4D6D-9F7E-FB5CC8E81F6D', '2020-01-16 16:30:00', NULL, 1, 1),
('A9F26374-7C5D-4302-9F5F-A9C7502A7C18', 'E432886C-77A6-4CC8-8C2B-2CA95DDCAA80', '2019-10-04 15:00:00', 'Peux pas assurer le cours', NULL, NULL),
('AA59C9FF-4210-4663-A04A-9FCA3FAEB354', 'B6D7A7FE-4ED8-4333-8D5D-4DC313296184', '2020-03-03 16:15:00', NULL, 4, 2),
('B18C80A3-B1A0-472B-8260-B4E8ED6ABB04', '670F6536-E887-4D6D-9F7E-FB5CC8E81F6D', '2020-01-06 16:05:00', NULL, 4, 2),
('B6CFF006-CF2A-46AC-BA8E-223CEB06CB89', '6BF2F248-F663-4298-B013-9C734085838A', '2020-01-23 16:30:00', 'Personne venu', NULL, NULL),
('B72DF731-30EB-4ED4-97F5-90818AFA31A6', '415B4DC5-399D-4502-84CB-A85719C1DDEC', '2020-02-12 17:00:00', NULL, 3, 1),
('C1B399BE-EAD1-4D9E-8B7B-67C18737AB8E', 'C1185012-7BEA-4E04-9949-F18229745256', '2019-11-21 16:05:00', NULL, 2, 1),
('C47BACBD-52DB-4D84-B8DD-9997C3145DB8', 'C1185012-7BEA-4E04-9949-F18229745256', '2020-01-21 16:00:00', NULL, 3, 2),
('C57A1A6C-C862-47F3-B0E7-626002CB5518', '415B4DC5-399D-4502-84CB-A85719C1DDEC', '2019-11-12 16:00:00', 'Exo boucle algo - C', 22, 2),
('C5AD0D5F-855A-4FCF-B29A-D09F1ED47419', 'CE47C0C9-1064-46F3-A340-0F88F34D3316', '2020-02-10 16:00:00', NULL, 2, 1),
('C751484C-E6A7-4D73-8FE1-FA7EE7228CA2', '85597B6A-2E9C-4567-A7C0-669E7AE8215C', '2019-10-14 15:00:00', 'Merise exercices ...  + SQL bases', 26, 2),
('CAF14E6A-BA8C-4FC6-8D02-4CB248683085', '21B3918D-91B1-4531-90D1-461A6AACC388', '2019-01-08 16:15:00', 'ça est incroyablement bien passé merci à équipe du tutorat sans qui cela ne serait pas possible.', 4, 1),
('CE69A7BC-4EA4-4AA8-A72D-177024E27C9E', '670F6536-E887-4D6D-9F7E-FB5CC8E81F6D', '2019-11-27 17:00:00', 'Personne venu', NULL, NULL),
('CF8DED6F-ACF6-4DC9-BBFC-601B30613CE8', '415B4DC5-399D-4502-84CB-A85719C1DDEC', '2020-02-07 07:00:00', NULL, 2, 2),
('D1E72732-922C-4962-9141-E81CD1F5D4E9', '670F6536-E887-4D6D-9F7E-FB5CC8E81F6D', '2019-12-02 12:00:00', 'Form - Foreach - If', 2, 4),
('D5530303-8F8D-4F85-B36D-5CE13B408583', '21B3918D-91B1-4531-90D1-461A6AACC388', '2020-01-31 15:00:00', 'HTML / CSS , Bases, reproduction d une maquette figma, Sémantique, et révisions des différentes balises \r\n+ flex box', 5, 3),
('D7321F50-6922-46A8-B2F4-17F16C74E393', '9143639E-256D-489B-B41B-7A1F5ADB191C', '2019-12-17 16:00:00', 'Peux pas assurer le cours', NULL, NULL),
('E8B1535E-E721-4F49-BA67-BA4B8D0276B9', 'D1607F71-9140-4E4D-B15B-FCC950966810', '2020-01-22 16:30:00', 'création d une api c# et l objet en général', 2, 1),
('EA12ED2C-39D1-42B8-A92F-85DF92ABD122', '21B3918D-91B1-4531-90D1-461A6AACC388', '2019-12-04 16:15:00', NULL, 10, 2),
('ED469C1D-B00C-43A9-BD52-0E558940F9E8', 'FA4E6CD6-87B2-42A3-A3F7-8BF484BBCDA6', '2020-02-19 16:40:00', 'Scripts DOS', 2, 1),
('F1ECA9C1-CD9A-44CC-9895-FE685482965B', '415B4DC5-399D-4502-84CB-A85719C1DDEC', '2020-01-14 17:05:00', NULL, 1, 2),
('F76BCEFC-79F2-4604-886E-BAD4CDD9216D', 'C0745973-1A24-445A-8F6E-73F49C2380DB', '2020-01-15 16:30:00', NULL, 1, 0),
('F7ADB320-447D-41BE-B43C-4228787A5D89', '415B4DC5-399D-4502-84CB-A85719C1DDEC', '2019-10-09 11:00:00', 'Révision des files en algorithmique ', 10, 1),
('F89FC6D6-7A00-49FF-8C9A-DE347D7DD1FC', '670F6536-E887-4D6D-9F7E-FB5CC8E81F6D', '2020-01-17 16:30:00', 'Peux pas assurer le cours', NULL, NULL),
('FA8654F5-6E9C-44D7-8C46-B978B63116E1', 'C1185012-7BEA-4E04-9949-F18229745256', '2019-12-10 17:00:00', NULL, 3, 2),
('FE53629D-F8C9-4B21-AEE6-2A58929C2CB2', 'AE7B1943-3561-4194-9990-AD094E7C537D', '2020-01-21 16:15:00', NULL, 2, 2);

-- --------------------------------------------------------

--
-- Structure de la table `ecole`
--

DROP TABLE IF EXISTS `ecole`;
CREATE TABLE IF NOT EXISTS `ecole` (
  `id_ecole` varchar(40) COLLATE utf8mb4_unicode_ci NOT NULL,
  `intitule` text COLLATE utf8mb4_unicode_ci NOT NULL,
  PRIMARY KEY (`id_ecole`)
) ENGINE=InnoDB DEFAULT CHARSET=utf8mb4 COLLATE=utf8mb4_unicode_ci;

--
-- Déchargement des données de la table `ecole`
--

INSERT INTO `ecole` (`id_ecole`, `intitule`) VALUES
('6b816c57-9f4f-49e5-91bf-bbadaa85a1d4', 'IFAGE'),
('820C2351-DD85-4EC8-9070-8535A7F2D432', 'WIS'),
('D5BEFEB1-C72A-452B-ACEF-C79C26D2F6DF', 'EPSI');

-- --------------------------------------------------------
--
-- Structure de la table `promo`
--

DROP TABLE IF EXISTS `promo`;
CREATE TABLE IF NOT EXISTS `promo` (
  `id_promo` varchar(40) COLLATE utf8mb4_unicode_ci NOT NULL,
  `id_ecole` varchar(40) COLLATE utf8mb4_unicode_ci DEFAULT NULL,
  `intitule` text COLLATE utf8mb4_unicode_ci NOT NULL,
  PRIMARY KEY (`id_promo`),
  KEY `Fk_Ecole` (`id_ecole`)
) ENGINE=InnoDB DEFAULT CHARSET=utf8mb4 COLLATE=utf8mb4_unicode_ci;

--
-- Déchargement des données de la table `promo`
--

INSERT INTO `promo` (`id_promo`, `id_ecole`, `intitule`) VALUES
('009B6DE0-4775-4BFA-BD90-D3A5C3F605B5', 'D5BEFEB1-C72A-452B-ACEF-C79C26D2F6DF', 'B2'),
('5DC4FEC4-CDD0-4451-9594-86968D4CFDEA', '820C2351-DD85-4EC8-9070-8535A7F2D432', 'Wis1'),
('7464AE15-7BF8-44FF-93AB-B4856D432626', '820C2351-DD85-4EC8-9070-8535A7F2D432', 'Wis3'),
('83193C6F-BE87-4287-A575-86C3FC9F98FA', '820C2351-DD85-4EC8-9070-8535A7F2D432', 'Wis2'),
('A7516064-F3FB-41BB-815C-A195DE9E92C9', 'D5BEFEB1-C72A-452B-ACEF-C79C26D2F6DF', 'B3'),
('A7AC7F17-102E-458F-A8C9-398E8DE41895', 'D5BEFEB1-C72A-452B-ACEF-C79C26D2F6DF', 'I1'),
('AA177EF6-0763-4C6A-89C2-E5B66EC50C2A', 'D5BEFEB1-C72A-452B-ACEF-C79C26D2F6DF', 'B1'),
('CA367B50-DB05-457E-B293-D46F14EE54DD', 'D5BEFEB1-C72A-452B-ACEF-C79C26D2F6DF', 'I2');

-- --------------------------------------------------------
--
-- Structure de la table `archive_promo`
--

DROP TABLE IF EXISTS `archive_promo`;
CREATE TABLE IF NOT EXISTS `archive_promo` (
  `id_archive` varchar(40) COLLATE utf8mb4_unicode_ci NOT NULL,
  `id_promo` varchar(40) COLLATE utf8mb4_unicode_ci NOT NULL,
  KEY `IDX_D7FEF5E1B61F4EC` (`id_archive`),
  KEY `IDX_D7FEF5E15E96DBCB` (`id_promo`)
) ENGINE=InnoDB DEFAULT CHARSET=utf8mb4 COLLATE=utf8mb4_unicode_ci;

--
-- Déchargement des données de la table `archive_promo`
--

INSERT INTO `archive_promo` (`id_archive`, `id_promo`) VALUES
('0AF64BD1-BEC4-4C33-BF68-2B808942CA14', 'AA177EF6-0763-4C6A-89C2-E5B66EC50C2A'),
('CAF14E6A-BA8C-4FC6-8D02-4CB248683085', '5DC4FEC4-CDD0-4451-9594-86968D4CFDEA'),
('985D7BCC-9C71-466B-BB49-70D3BF8F0AF5', 'AA177EF6-0763-4C6A-89C2-E5B66EC50C2A'),
('1B6B955F-6E7A-48BB-85D8-CEA22A8C6187', 'AA177EF6-0763-4C6A-89C2-E5B66EC50C2A'),
('41AF2895-6E78-4055-8E49-12FB8219C853', 'A7AC7F17-102E-458F-A8C9-398E8DE41895'),
('5D00B233-F3A6-4D34-8D5D-F4F298012C16', 'A7516064-F3FB-41BB-815C-A195DE9E92C9'),
('24C43918-AD50-4CDD-A04C-59351BD738BC', 'AA177EF6-0763-4C6A-89C2-E5B66EC50C2A'),
('B6CFF006-CF2A-46AC-BA8E-223CEB06CB89', 'A7516064-F3FB-41BB-815C-A195DE9E92C9'),
('F7ADB320-447D-41BE-B43C-4228787A5D89', 'AA177EF6-0763-4C6A-89C2-E5B66EC50C2A'),
('FE53629D-F8C9-4B21-AEE6-2A58929C2CB2', '5DC4FEC4-CDD0-4451-9594-86968D4CFDEA'),
('FA8654F5-6E9C-44D7-8C46-B978B63116E1', 'AA177EF6-0763-4C6A-89C2-E5B66EC50C2A'),
('24A58EBA-6B7D-4149-9ED0-43DFD897BAF2', 'AA177EF6-0763-4C6A-89C2-E5B66EC50C2A'),
('C1B399BE-EAD1-4D9E-8B7B-67C18737AB8E', 'AA177EF6-0763-4C6A-89C2-E5B66EC50C2A'),
('A9F26374-7C5D-4302-9F5F-A9C7502A7C18', '009B6DE0-4775-4BFA-BD90-D3A5C3F605B5'),
('6D98CD77-5C01-4C9C-B6E2-28C6C449D640', 'A7516064-F3FB-41BB-815C-A195DE9E92C9'),
('2DDE713E-162E-4184-905A-5014027DB549', 'AA177EF6-0763-4C6A-89C2-E5B66EC50C2A'),
('F1ECA9C1-CD9A-44CC-9895-FE685482965B', 'AA177EF6-0763-4C6A-89C2-E5B66EC50C2A'),
('6FA8DB5A-9EA0-45E2-8899-0E2DADF88678', 'AA177EF6-0763-4C6A-89C2-E5B66EC50C2A'),
('1BA087B9-4AD7-43EA-98DC-C9F50CFAA623', 'AA177EF6-0763-4C6A-89C2-E5B66EC50C2A'),
('25BFFE3E-AB72-4DF7-BA28-4EADA50E5B5A', 'AA177EF6-0763-4C6A-89C2-E5B66EC50C2A'),
('9D55EEDC-4697-48E8-A184-6C99D48F75F8', 'AA177EF6-0763-4C6A-89C2-E5B66EC50C2A'),
('4D862928-60E1-435E-9FF3-FFF1D01E9326', 'A7516064-F3FB-41BB-815C-A195DE9E92C9'),
('8F1F95CB-192D-41AF-AE19-20E505775BCE', 'AA177EF6-0763-4C6A-89C2-E5B66EC50C2A'),
('A2733366-FFC3-426A-9BC7-C3A2B517732F', 'AA177EF6-0763-4C6A-89C2-E5B66EC50C2A'),
('C47BACBD-52DB-4D84-B8DD-9997C3145DB8', 'AA177EF6-0763-4C6A-89C2-E5B66EC50C2A'),
('C57A1A6C-C862-47F3-B0E7-626002CB5518', 'AA177EF6-0763-4C6A-89C2-E5B66EC50C2A'),
('834E32A3-4189-40E5-8B12-27DFB9066CC7', 'AA177EF6-0763-4C6A-89C2-E5B66EC50C2A'),
('480673A9-3145-4C97-BCF6-A200CEE9D097', '5DC4FEC4-CDD0-4451-9594-86968D4CFDEA'),
('2F64086F-D6FB-4ADF-9701-8226584103DE', '5DC4FEC4-CDD0-4451-9594-86968D4CFDEA'),
('CE69A7BC-4EA4-4AA8-A72D-177024E27C9E', 'AA177EF6-0763-4C6A-89C2-E5B66EC50C2A'),
('D1E72732-922C-4962-9141-E81CD1F5D4E9', '5DC4FEC4-CDD0-4451-9594-86968D4CFDEA'),
('9B0ADF18-8FA9-4306-9572-FB707C01C30C', 'AA177EF6-0763-4C6A-89C2-E5B66EC50C2A'),
('F76BCEFC-79F2-4604-886E-BAD4CDD9216D', '5DC4FEC4-CDD0-4451-9594-86968D4CFDEA'),
('D5530303-8F8D-4F85-B36D-5CE13B408583', '5DC4FEC4-CDD0-4451-9594-86968D4CFDEA'),
('E8B1535E-E721-4F49-BA67-BA4B8D0276B9', 'A7516064-F3FB-41BB-815C-A195DE9E92C9'),
('40FF3A4C-C5E4-4E59-81C6-280446AB3E79', 'AA177EF6-0763-4C6A-89C2-E5B66EC50C2A'),
('D7321F50-6922-46A8-B2F4-17F16C74E393', 'AA177EF6-0763-4C6A-89C2-E5B66EC50C2A'),
('8AF7D1C8-D1C8-49FB-A881-B23AC051E511', 'AA177EF6-0763-4C6A-89C2-E5B66EC50C2A'),
('50E4ABF3-D392-4EA1-B4A6-5E342CDF87ED', '5DC4FEC4-CDD0-4451-9594-86968D4CFDEA'),
('7651EADD-032D-423E-9B3D-1F598C18BD4C', 'AA177EF6-0763-4C6A-89C2-E5B66EC50C2A'),
('28AD32E5-D3A8-456B-B79C-F09D71DC4D97', '5DC4FEC4-CDD0-4451-9594-86968D4CFDEA'),
('B72DF731-30EB-4ED4-97F5-90818AFA31A6', 'AA177EF6-0763-4C6A-89C2-E5B66EC50C2A'),
('ED469C1D-B00C-43A9-BD52-0E558940F9E8', 'AA177EF6-0763-4C6A-89C2-E5B66EC50C2A'),
('CF8DED6F-ACF6-4DC9-BBFC-601B30613CE8', 'AA177EF6-0763-4C6A-89C2-E5B66EC50C2A'),
('42BB5FE1-9C2F-4196-A12C-5FD2CDFFCEB8', '009B6DE0-4775-4BFA-BD90-D3A5C3F605B5'),
('42328E6D-2823-4DCB-AE29-09C87E96C862', 'AA177EF6-0763-4C6A-89C2-E5B66EC50C2A'),
('1F1F2BE6-796A-44E9-8CB2-1AEC19019523', 'AA177EF6-0763-4C6A-89C2-E5B66EC50C2A'),
('96E02017-56D6-4AB2-95BA-DC96699D3469', 'AA177EF6-0763-4C6A-89C2-E5B66EC50C2A'),
('4A327274-E389-4F6E-A5D3-1EB646468C67', 'AA177EF6-0763-4C6A-89C2-E5B66EC50C2A'),
('171C9FBE-320F-4496-86FE-BF45473A2B30', 'AA177EF6-0763-4C6A-89C2-E5B66EC50C2A'),
('3A232C25-8812-4718-BD19-AA474D491F0C', 'AA177EF6-0763-4C6A-89C2-E5B66EC50C2A'),
('8895F198-F429-4B78-89F0-0AD1E4DB75FD', 'AA177EF6-0763-4C6A-89C2-E5B66EC50C2A'),
('B18C80A3-B1A0-472B-8260-B4E8ED6ABB04', 'AA177EF6-0763-4C6A-89C2-E5B66EC50C2A'),
('AA59C9FF-4210-4663-A04A-9FCA3FAEB354', 'AA177EF6-0763-4C6A-89C2-E5B66EC50C2A'),
('7B0AAD08-7C99-4828-AB8D-3D714BAA0FF8', '5DC4FEC4-CDD0-4451-9594-86968D4CFDEA'),
('C751484C-E6A7-4D73-8FE1-FA7EE7228CA2', 'AA177EF6-0763-4C6A-89C2-E5B66EC50C2A'),
('A997EAF4-FFE2-4BA4-BE7C-D8B7E1F9BDE7', '5DC4FEC4-CDD0-4451-9594-86968D4CFDEA'),
('C5AD0D5F-855A-4FCF-B29A-D09F1ED47419', '5DC4FEC4-CDD0-4451-9594-86968D4CFDEA'),
('4C1E57D8-BD6A-4C39-9485-B16A2DD51D1B', '5DC4FEC4-CDD0-4451-9594-86968D4CFDEA'),
('271B0C0E-E68D-4823-9EDB-DFC038298B17', 'AA177EF6-0763-4C6A-89C2-E5B66EC50C2A'),
('08917042-1440-4B58-8DBD-26A58FDAF593', '5DC4FEC4-CDD0-4451-9594-86968D4CFDEA'),
('EA12ED2C-39D1-42B8-A92F-85DF92ABD122', '5DC4FEC4-CDD0-4451-9594-86968D4CFDEA'),
('F89FC6D6-7A00-49FF-8C9A-DE347D7DD1FC', '5DC4FEC4-CDD0-4451-9594-86968D4CFDEA'),
('33413752-E6D4-44C4-BDBC-E8A8609065D5', 'AA177EF6-0763-4C6A-89C2-E5B66EC50C2A'),
('9698AED9-9EA4-4AF2-B71B-9BAD15923A6A', 'AA177EF6-0763-4C6A-89C2-E5B66EC50C2A');

-- --------------------------------------------------------

--
-- Structure de la table `classe`
--

DROP TABLE IF EXISTS `classe`;
CREATE TABLE IF NOT EXISTS `classe` (
  `id_classe` varchar(40) COLLATE utf8mb4_unicode_ci NOT NULL,
  `id_promo` varchar(40) COLLATE utf8mb4_unicode_ci DEFAULT NULL,
  `intitule` text COLLATE utf8mb4_unicode_ci NOT NULL,
  PRIMARY KEY (`id_classe`),
  KEY `Fk_Promo` (`id_promo`)
) ENGINE=InnoDB DEFAULT CHARSET=utf8mb4 COLLATE=utf8mb4_unicode_ci;

--
-- Déchargement des données de la table `classe`
--

INSERT INTO `classe` (`id_classe`, `id_promo`, `intitule`) VALUES
('15FEAC24-640C-494C-A357-C2F2F4E53A8C', 'A7AC7F17-102E-458F-A8C9-398E8DE41895', 'Classe 2 DEV'),
('166C4409-377A-43E2-A166-5215980B5A81', '009B6DE0-4775-4BFA-BD90-D3A5C3F605B5', 'Classe 1'),
('1E8F99EF-4277-4E9B-B993-8196756E15DB', '7464AE15-7BF8-44FF-93AB-B4856D432626', 'Classe 1'),
('28BC3DDD-8E8D-4F79-8CE3-B9C4979483F5', '5DC4FEC4-CDD0-4451-9594-86968D4CFDEA', 'Classe 1'),
('38AB7148-A2F8-4A4A-8639-B26E02374EEC', 'A7516064-F3FB-41BB-815C-A195DE9E92C9', 'Classe 3 RES'),
('5FEA68B5-8A56-4B18-80CB-D8DA0920DD12', 'A7516064-F3FB-41BB-815C-A195DE9E92C9', 'Classe 1 DEV'),
('6077FCFC-FBF4-4260-BC76-0121644AFE9B', 'CA367B50-DB05-457E-B293-D46F14EE54DD', 'Classe 2'),
('6F0B14AD-2843-4175-AEFA-3B4133B415CB', 'AA177EF6-0763-4C6A-89C2-E5B66EC50C2A', 'Classe 2'),
('7B599BDA-D0FD-412B-BDB3-D1AF0835E545', 'A7516064-F3FB-41BB-815C-A195DE9E92C9', 'Classe 2 DEV'),
('A5124385-2E71-4F92-9FF4-9CF8BC80BDB4', 'CA367B50-DB05-457E-B293-D46F14EE54DD', 'Classe 1 '),
('A93BC5AB-5A72-4ED3-BFA7-C8DA09B31AEA', 'AA177EF6-0763-4C6A-89C2-E5B66EC50C2A', 'Classe 1'),
('ADCB7760-54B2-44C8-9C0A-58CCFEE5D525', 'A7AC7F17-102E-458F-A8C9-398E8DE41895', 'Classe 3 RES'),
('D8E8198E-91A5-4301-800B-2F89C7093910', '009B6DE0-4775-4BFA-BD90-D3A5C3F605B5', 'Classe 2'),
('EB56ECE5-3F99-4C08-BF71-1FC3FDCFBC03', '83193C6F-BE87-4287-A575-86C3FC9F98FA', 'Classe 1'),
('F105CF7D-9DCF-4B87-BE53-208EC695EBEB', 'A7AC7F17-102E-458F-A8C9-398E8DE41895', 'Classe 1 DEV');

-- --------------------------------------------------------

--
-- Structure de la table `personne`
--

DROP TABLE IF EXISTS `personne`;
CREATE TABLE IF NOT EXISTS `personne` (
  `id_personne` varchar(40) COLLATE utf8mb4_unicode_ci NOT NULL,
  `id_classe` varchar(40) COLLATE utf8mb4_unicode_ci DEFAULT NULL,
  `nom` text COLLATE utf8mb4_unicode_ci NOT NULL,
  `prenom` text COLLATE utf8mb4_unicode_ci NOT NULL,
  `role` tinyint(1) NOT NULL DEFAULT 0,
  `password` text COLLATE utf8mb4_unicode_ci NOT NULL,
  `mail` text COLLATE utf8mb4_unicode_ci NOT NULL,
  `token` text COLLATE utf8mb4_unicode_ci DEFAULT NULL,
  `image` text COLLATE utf8mb4_unicode_ci DEFAULT NULL,
  `score` int(11) DEFAULT NULL,
  PRIMARY KEY (`id_personne`),
  KEY `Fk_Classe` (`id_classe`)
) ENGINE=InnoDB DEFAULT CHARSET=utf8mb4 COLLATE=utf8mb4_unicode_ci;

--
-- Déchargement des données de la table `personne`
--

INSERT INTO `personne` (`id_personne`, `id_classe`, `nom`, `prenom`, `role`, `password`, `mail`, `token`, `image`, `score`) VALUES
('04BDEE16-A553-4F1F-925B-8D772F83D7E3', '166C4409-377A-43E2-A166-5215980B5A81', 'GUILBAUD', 'Valentin', 0, '$2y$10$ZUfh6ImDxU1sN3PSGd4XJeolkjcyEcCKbL2kbBAr7PgW/HHLazXAy', 'valentin.guilbaud@epsi.fr', NULL, NULL, NULL),
('05CDBBFA-DCEF-45E6-A1F3-B9B2F37C81EF', 'A93BC5AB-5A72-4ED3-BFA7-C8DA09B31AEA', 'GAUTHIER', 'Mathis', 0, '$2y$10$xi8UsbQbkGSXPdlMuOrgwuGrDT6VAepSQddZjC9Mtq5cqsM1SsnJa', 'math44100@yahoo.fr', NULL, NULL, NULL),
('0728517F-C729-4EC9-A6EA-1BA69EFACA43', 'A93BC5AB-5A72-4ED3-BFA7-C8DA09B31AEA', 'CINQUIN', 'Andy', 0, '$2y$10$GA4LIxM2/fPwlnBjvbzPdenJ7Aay1Zs9b4VRiJ.igjJjra6.7Gn2W', 'andy.cinquin@gmail.com', NULL, NULL, NULL),
('0767044B-6964-4590-9A56-B1720C7CC849', '15FEAC24-640C-494C-A357-C2F2F4E53A8C', 'THÉO', 'Levalet', 0, '$2y$10$dsNAwyiUoX0kMkUqUincEO1keNSj.s6zIAcD/1vXqILVaMC0cLHGS', 'theo.levalet@gmail.com', NULL, NULL, NULL),
('0887C174-DDC3-4308-A67B-070B499F9062', '6F0B14AD-2843-4175-AEFA-3B4133B415CB', 'TETAUD', 'Jérémy', 0, '$2y$10$cflmwvNI5drBlSQTUx21W.THncq4NKbp0RrFFGuGOX9Hz2Qab8Gaq', 'jeremy.tetaud@epsi.fr', NULL, NULL, NULL),
('09439477-24D5-4139-A62D-687450ABFE6E', '166C4409-377A-43E2-A166-5215980B5A81', 'RIBREAU', 'Augustin', 0, '$2y$10$oB2vKYLVP6PTHq94RewE7OkQDqxnUW4woGnX49c4eQCSwemGtPuxO', 'augustin@ribreau.co', NULL, NULL, NULL),
('0A289C67-81B9-4BB7-888D-72DF7ABA3630', '38AB7148-A2F8-4A4A-8639-B26E02374EEC', 'LEGEAY', 'Alexis', 0, '$2y$10$TDhERAUSNXhQDIKQe9EKVuXVd.QucJ6DNEmLicCHsbbGBBNpxyVNW', 'alexislegeay@hotmail.fr', NULL, NULL, NULL),
('0D5916A1-87DF-4586-8340-D7AD394960DE', '7B599BDA-D0FD-412B-BDB3-D1AF0835E545', 'TATIBOUËT', 'Anaïs', 0, '$2y$10$3ZUHl7vwOWmPyjBUSIHyb.KkPgx01oQZ0UR7zMELTgQX8HqzFqVUi', 'anais.tatibouet@epsi.fr', NULL, NULL, NULL),
('0E998DC0-6EC7-4003-ACB7-D77DB6708A64', '15FEAC24-640C-494C-A357-C2F2F4E53A8C', 'FASSOT', 'Clément', 0, '$2y$10$j2h.Gzhe2L1S6fv4hQdzHOWKH1sWFyF/hMIv5e.g9K.1utfZrzSta', 'clement.fassot@epsi.fr', NULL, NULL, NULL),
('11AF6358-42EE-458F-AFA0-37281E744FDF', '5FEA68B5-8A56-4B18-80CB-D8DA0920DD12', 'BALLANGER', 'Alan', 0, '$2y$10$rJF9YcvZdc.W6bBrv5KvrutEdK0TNIwQKNC0pIq0EaOCjSh0uTaYe', 'alan.ballanger@epsi.fr', NULL, NULL, NULL),
('14F4A444-CF47-4BB9-86E5-C9504C43D061', '6F0B14AD-2843-4175-AEFA-3B4133B415CB', 'GRIT', 'Valentin', 0, '$2y$10$6w1yLzjwRMGzWMY587nvKu4..EZ0IL/yT7k/Ypi5pYNBVEDYDYazS', 'valentin.grit@epsi.fr', NULL, NULL, NULL),
('15CE8C08-5F46-4EBB-87A6-82728C61DE54', 'A93BC5AB-5A72-4ED3-BFA7-C8DA09B31AEA', 'BELLON', 'Félix', 0, '$2y$10$9wp7rBryINLReicAWcNr9.MAzTm3f4Vj1Jn3d33oa5H9mNxyW/TCe', 'felix.bellon@epsi.fr', NULL, NULL, NULL),
('172446CE-0510-430D-ABEE-0E34FB1C2EAC', '166C4409-377A-43E2-A166-5215980B5A81', 'GUÉGAN', 'Eva', 0, '$2y$10$nxNxmQRuHxqPo772TFv5vOyRj147e1V5F/KjqgI/jdte3r2/G6w3q', 'eva.guegan@epsi.fr', NULL, NULL, NULL),
('1E950C55-540F-4542-B7B6-F9DF845839E3', 'F105CF7D-9DCF-4B87-BE53-208EC695EBEB', 'ROUSSEAU', 'Jordan', 0, '$2y$10$ue14ome1eRnBp9LQHBDTkOQ8zt0yoyfXzChVyhxDQxdyH226E5ZY6', 'jordan.rousseau2@epsi.fr', NULL, NULL, NULL),
('1F6AEB4D-62E1-4E46-AF01-81CA2B65843F', 'A93BC5AB-5A72-4ED3-BFA7-C8DA09B31AEA', 'DE ALMEIDA', 'Hugo', 0, '$2y$10$rtZpaa3i3zZ8e/fNwrKBmOWjfgNLZ1mOZ6C7FYkIU6PcdFAJ3VeqO', 'hugo.dealmeida@epsi.fr', NULL, NULL, NULL),
('1F6EE2BA-C88E-4105-B5D8-56E4E7362D93', '6F0B14AD-2843-4175-AEFA-3B4133B415CB', 'LAMBERT', 'Antoine', 0, '$2y$10$L/L32NKi4HS2OyVBD.DIMetqb13ONmcIGgrpK9bJZzsT0xyW1rQkC', 'antoine.lambert1@epsi.fr', NULL, NULL, NULL),
('1FEB9D7E-C3C4-420A-864F-4D2D3BF5ADA0', '15FEAC24-640C-494C-A357-C2F2F4E53A8C', 'CHAUVIN', 'Jeremy', 0, '$2y$10$68yHzW9gVa3/WBnmc9RJEe8Xj7FjtcUhb./7euqRzWsWo.FMyEhem', 'jeremie.chauvin@epsi.fr', NULL, NULL, NULL),
('21F5CC5F-BFCD-442A-872D-2E79DCD43F16', '166C4409-377A-43E2-A166-5215980B5A81', 'CHANUT', 'Guillaume', 0, '$2y$10$/LS0qs.FW9jpdgiWhrIgXuFi.2OXPt75O/2VH6HUyU0fFwNUgHIJW', 'guillaume.chanut@epsi.fr', NULL, NULL, NULL),
('23DC68A8-665E-47F1-ADC5-A1EA41203ADC', 'A93BC5AB-5A72-4ED3-BFA7-C8DA09B31AEA', 'ENDOKE', 'Yohane', 0, '$2y$10$aU45qOc0z9ZKhygCeyeyMeFGZzbS6cwp0X417C8ZmhKfOzt3bjNt.', 'yohaneendoke4@gmail.com', NULL, NULL, NULL),
('23F8423B-54C6-40D3-89B6-99AAFDB55EBC', 'D8E8198E-91A5-4301-800B-2F89C7093910', 'MARTINEZ', 'Damien', 0, '$2y$10$0H/6ucUUU1rTm7aSAg6CCem3ur8IpLIJpgj6X8R91UKy5BixwsyHS', 'damien.martinez1@epsi.fr', NULL, NULL, NULL),
('245D597F-C1F5-4CAC-8DC0-661BA36AC3EF', '5FEA68B5-8A56-4B18-80CB-D8DA0920DD12', 'PAPA', 'Baptiste', 0, '$2y$10$h1Lnb/q1O3MQ4ahsUDkruOgfvOBrhImsfND4Jp7t8ZH/ikW3y0CnO', 'baptiste.papa@epsi.fr', NULL, NULL, NULL),
('25AEC57A-C2CA-49A5-863E-ED15D96D9ACE', '166C4409-377A-43E2-A166-5215980B5A81', 'COUBRUN', 'Mael', 0, '$2y$10$sj9cxEUYgWEcnN63hXTCnOVCte7PqGKXkGoOMSRk9GLsarXh1TJea', 'mael.coubrun@epsi.fr', NULL, NULL, NULL),
('29E4BCEE-01E8-43AA-B3FD-4A69424BBE62', 'D8E8198E-91A5-4301-800B-2F89C7093910', 'VANDEMOORTELE', 'Amaury', 0, '$2y$10$Y.1DZjEpLui.J9rx/UZWXeQ1qotE7cqVBt3u2JcQjuzwrY.A4/cae', 'a.vandemoortele1@epsi.fr', NULL, NULL, NULL),
('2AD60947-AA90-42C0-BF0E-B40192B8F1D7', '6F0B14AD-2843-4175-AEFA-3B4133B415CB', 'HUTEAU', 'Florian', 0, '$2y$10$pAqTHQ2lqGaf1q3T33F9guEcEXjJG9tGcULBxGWfSguU4dzafsnmy', 'florian.huteau@epsi.fr', NULL, NULL, NULL),
('2B097F7C-8734-42FD-A106-2065B9D0E18D', '6F0B14AD-2843-4175-AEFA-3B4133B415CB', 'SOULARD', 'Even ', 0, '$2y$10$D4WPpZsaOLyGfCv2qrcqkOGJGMT1qvZyrpKKTB4LRF8RkoI8oohNS', 'even.soulard@epsi.fr', NULL, NULL, NULL),
('2B2C60F6-8183-4A3A-841F-408F7F3BD855', '6077FCFC-FBF4-4260-BC76-0121644AFE9B', 'MILLET', 'Léa', 1, '$2y$10$9yO/97Zvr0BRAj9jiit10O0DgxttLzc/UVeIqTfejo9u4XmUJnN8a', 'lea.millet06@gmail.com', NULL, NULL, NULL),
('2CF3B12E-554F-4215-BD05-A56C98EC3B55', '7B599BDA-D0FD-412B-BDB3-D1AF0835E545', 'STRABACH', 'Benjamin', 0, '$2y$10$N8/Q/xOBHXODTRu7oGNryeAQ4seNOaAtmof/qnZyRa0p6fO9Qgy72', 'benjamin.strabach@epsi.fr', NULL, NULL, NULL),
('2E23A585-A635-4479-A520-CA41FF690A3F', '15FEAC24-640C-494C-A357-C2F2F4E53A8C', 'DOUCET', 'Grégory', 0, '$2y$10$gP1pJj4DdMhQ9M3NZAUVV.6qBxo.2.b4ijkC.FeqPtQswbv6QGede', 'doucetgregoryperso@outlook.fr', NULL, NULL, NULL),
('2E9D89E5-602F-4974-AAAC-A4EF150FD893', 'D8E8198E-91A5-4301-800B-2F89C7093910', 'TONNELIER', 'Flavyen', 0, '$2y$10$rFzIq6glgGdsV4kumVfyBOIp7C2DxiWjqeoETuMkS1ddnWyrG9bMe', 'flavyen.tonnelier@epsi.fr', NULL, NULL, NULL),
('2FD65D26-977B-4F7A-98DE-06D006F6AF74', '15FEAC24-640C-494C-A357-C2F2F4E53A8C', 'DURAND', 'Yann', 0, '$2y$10$LAuj9bp5Ab28S6hYpXHqD.xshNQvRQwlXHbgvRSXmDfd/lSO2gJ0i', 'yann.durand@epsi.fr', NULL, NULL, NULL),
('33A508B3-82F8-4897-8EB6-74165ED1E62D', 'A93BC5AB-5A72-4ED3-BFA7-C8DA09B31AEA', 'CORBALAN', 'tobias', 0, '$2y$10$NRN6wzt1gufI4m77EgvymOF4FoFSZpySrPfwVRAUfDmhzt8nDp92G', 'tobias.corbalan@espi.fr', NULL, NULL, NULL),
('368B22BE-3B44-4F9C-A583-2C8316E5BC97', '166C4409-377A-43E2-A166-5215980B5A81', 'BERN', 'Nicolas', 0, '$2y$10$Zr99ycVqBoG.UGGdilX0Xej.1f9YtTm/Sw1hMdjcMLwPHyK.bumWG', 'nicolas.bern@epsi.fr', NULL, NULL, NULL),
('39154697-3070-4248-AA0B-82DCE1BBEC78', '7B599BDA-D0FD-412B-BDB3-D1AF0835E545', 'MENANTEAU', 'Cédric', 1, '$2y$10$5UgHN970lnVe2Bha6S2FQudjKHAQtyc3D15N7SPP2hhcvDQsExLk2', 'cedric.menanteau@epsi.fr', NULL, NULL, NULL),
('3AEB57CC-5D51-4B59-A098-F79D746634DD', 'F105CF7D-9DCF-4B87-BE53-208EC695EBEB', 'GARO', 'Maëlik', 0, '$2y$10$nAMaU.7r/Ns0p5G1WzUeMu96xFBODx5PZDTr8GTFI6QQ9h5NDgelO', 'maelik.garo@epsi.fr', NULL, NULL, NULL),
('3B409AA8-1B56-498B-89FA-FC737245EA8A', '6F0B14AD-2843-4175-AEFA-3B4133B415CB', 'TAVERNIER', 'Aurélien', 0, '$2y$10$EwTmHkQNs4Zio95OMzNoEupYwrnlplCGNTLFCUWkvFGS5/uIQC8HK', 'aurelientav@gmail.com', NULL, NULL, NULL),
('3BD5FB24-A4E8-4196-AA6B-414D052E3E14', '28BC3DDD-8E8D-4F79-8CE3-B9C4979483F5', 'PAVAGEAU', 'Louis', 0, '$2y$10$iwymnjuUw1bNRU.zLG.D/OJsjTv/8ptcV2z.jrgAOXt80WcrqtYeW', 'loupavg85@gmail.com', NULL, NULL, NULL),
('3D690EC2-A20B-4D43-9C07-C602F973D1EB', '6F0B14AD-2843-4175-AEFA-3B4133B415CB', 'EL ALAMI', 'Hamza', 0, '$2y$10$EggrByXCPSSEyR32I6OsA.IXWlcqQq/Gq31R4vZCIeYkOeQlJLThu', 'hamza.elalami.pro@epsi.fr', NULL, NULL, NULL),
('3E4D352C-1CAB-4174-BFEE-3F9957BA0D73', '38AB7148-A2F8-4A4A-8639-B26E02374EEC', 'DUPAS', 'Clément', 0, '$2y$10$lZC6dm8OFdYa/irp3LovnOAr4HJoTUGhHs7VGIln.bV9nBu6Zc.U6', 'clementdupas@hotmail.fr', NULL, NULL, NULL),
('3FCC0DC4-45AE-4286-83E1-BFB5DCF30F77', 'A93BC5AB-5A72-4ED3-BFA7-C8DA09B31AEA', 'CORBALAN', 'Tobias', 0, '$2y$10$hbjxTmUCTJ3s.4b1ANa9qOgEZTuCGHquno3yj/CJBLNR3FKdOd0GC', 'tobias.corbalan@epsi.fr', NULL, NULL, NULL),
('3FDDED58-5F7E-4A09-BF40-227BD8ABC573', '7B599BDA-D0FD-412B-BDB3-D1AF0835E545', 'LANDRU', 'Charles', 0, '$2y$10$F9FvtDpC1zxkMVzFG79Uj.B73wuuECG5WWrQO5vzsR8T7KkzPsWrC', 'charles.landru@epsi.fr', NULL, NULL, NULL),
('40BA5AEA-28C4-462F-9D5B-784CE84C5CEA', '38AB7148-A2F8-4A4A-8639-B26E02374EEC', 'LE ROUX', 'Marie', 0, '$2y$10$9lbVaj6J89/ktpam5pgpX.ofTJzLuNgB8TOF1fGCDVwH75RKhGtXK', 'marie.leroux@epsi.fr', NULL, NULL, NULL),
('416CC163-F351-4FE3-ADEE-0A59E42EC53F', 'A93BC5AB-5A72-4ED3-BFA7-C8DA09B31AEA', 'BOURREAU', 'Julien', 0, '$2y$10$ro4ipk/lESIIbhyV.38YS.bcI.Sh2G041uyLMRbzNm8wDkB3ssHHe', 'Julien.bourr44@gmail.com', NULL, NULL, NULL),
('488CE4C4-AB4C-420F-9B1A-4B312099F507', 'A93BC5AB-5A72-4ED3-BFA7-C8DA09B31AEA', 'MOGUE GEGOUE', 'BEBEINE FABIOLA', 0, '$2y$10$v4l7M3PDdHMdh0pXQkbcHuWfhBI1Un.m.O3ghOFQiiOqDJVvkQfjy', 'bebeinegegoue@gmail.com', NULL, NULL, NULL),
('48C1F207-817F-47B9-B121-200106ED2C90', '5FEA68B5-8A56-4B18-80CB-D8DA0920DD12', 'DEPORTE', 'Baptiste', 0, '$2y$10$RzmhsbgOJ25rKmLyfiHHLuQ9ufoLr7yxh3DWpBVzB9QfHnkZjDxsO', 'baptiste.deporte@epsi.fr', NULL, NULL, NULL),
('4E6C9978-D32C-4110-B2DD-8C546FE5A1E1', '7B599BDA-D0FD-412B-BDB3-D1AF0835E545', 'CIOBANU', 'Cristian', 0, '$2y$10$Q.KckbpWKEK5TBdihJSK4OIFgYj.3VRIDC8YJRnxYkVsJ9MQpyIyW', 'radoi.ciobanu-cristian@yahoo.com', NULL, NULL, NULL),
('4F4A90CF-DAE0-46F0-95A1-0FEA578F5FA1', '28BC3DDD-8E8D-4F79-8CE3-B9C4979483F5', 'SIMONIN', 'Mathilde', 0, '$2y$10$Fx9/qYaoD4hIVn4O7j/TjOjPQ7IZrVRbBmIsDhXnVTlo0PifHibyq', 'mathilde-simonin@laposte.net', NULL, NULL, NULL),
('51CA79ED-7F7F-4767-BE90-C2BB060DC2EB', 'A93BC5AB-5A72-4ED3-BFA7-C8DA09B31AEA', 'DELAMARE', 'Timothée', 0, '$2y$10$27yJS9nek3CleNsu2aXBLOhCDkoHlhrcl9HzfRZuwHQm1YQyIacqa', 'timothee.delamare@epsi.fr', NULL, NULL, NULL),
('5A25B1DB-BAE9-4C82-980C-DD6D8937CE4D', '6F0B14AD-2843-4175-AEFA-3B4133B415CB', 'VALLADE', 'Pierre', 0, '$2y$10$vSGxajW.YOhpEkyIrqUnt.IrpvwejN0uiETdJKYXe1I3P25Tc/EKm', 'pierre.vallade@epsi.fr', NULL, NULL, NULL),
('5D1C2C16-66BC-4D0F-97DA-89C201FF12FF', '15FEAC24-640C-494C-A357-C2F2F4E53A8C', 'HARDOUIN-BROCHARD', 'clément', 0, '$2y$10$kNWTZIx4P1Cb6UbsUBMcFO4wa3gIDUmM/nq83ApghZv1RNeXikeIi', 'clement.hardouin85@gmail.com', NULL, NULL, NULL),
('5F9A2B75-6A12-4587-8C7A-40AC410204DD', '6F0B14AD-2843-4175-AEFA-3B4133B415CB', 'SETTOUCHE', 'Adel', 0, '$2y$10$qZO1qUi6zSYrKFG2Nbw77OeJjrQoSzTtSsUfMty/vtPq2.2s/ilya', 'Setttouche.adel@gmail.com', NULL, NULL, NULL),
('68EA3226-F241-46E0-A08E-230D138D5FE7', '28BC3DDD-8E8D-4F79-8CE3-B9C4979483F5', 'COLOMBEL', 'Rebecca', 0, '$2y$10$4A39ZTkyRaxsXChnrpgwmOpNCy/eRP7qGcOjPhD3AJRVFLoKhAznS', 'rebecca.colombel@hotmail.fr', NULL, NULL, NULL),
('6930BFD4-83A1-48AC-B38D-8475A61B29B4', '28BC3DDD-8E8D-4F79-8CE3-B9C4979483F5', 'LE BASTARD', 'Martin', 0, '$2y$10$VU/KuOMpefJg59HyR7pLBOTrei9/149jwDAH.4Mu21wvcqjRNXTgS', 'martinlb28@gmail.com', NULL, NULL, NULL),
('6F141CED-D0C8-4678-A513-55F324C3D2B9', '38AB7148-A2F8-4A4A-8639-B26E02374EEC', 'PARRA', 'Adrien', 0, '$2y$10$PFDOrsGb96twpwbfBVgHqu0z/YN1kVpzKr6uKJ/qhLvst2vOEo65C', 'adrien.parra@epsi.fr', NULL, NULL, NULL),
('728A2BE1-2AB4-4D51-B9DF-9C9A508ECE06', '28BC3DDD-8E8D-4F79-8CE3-B9C4979483F5', 'GROLLIER', 'Victor', 0, '$2y$10$cM06u4KTnR5OcOhkPcs7OeeYcuf5LM2q5OyS/SsbJWweNe5d8cJHu', 'victor.grollier@gmail.com', NULL, NULL, NULL),
('7522D823-8028-4544-9790-A1CD4C7167FD', '166C4409-377A-43E2-A166-5215980B5A81', 'GEORGET', 'Julien', 0, '$2y$10$aTDq9MTIt/pub8uu/kqKkeeJBh/y2YjGat8nQUkeAW4PYwCl09M2W', 'julien.georget@epsi.fr', NULL, NULL, NULL),
('7558D06A-B0E1-48BD-96E9-E007662E76DC', '6F0B14AD-2843-4175-AEFA-3B4133B415CB', 'MARQUES', 'samuel', 0, '$2y$10$3Z.vg6ACRDijGPH7hZRqgO.NAH0sDkBEjGBlTWB9YouJxKLtugf0q', 'samuel.marques@epsi.fr', NULL, NULL, NULL),
('7A35D48B-C52C-41DC-AF75-3B5AB7B84609', '166C4409-377A-43E2-A166-5215980B5A81', 'XAVIER', 'Dupont', 0, '$2y$10$l37dE9OUItehvMW4IiftOOwiTn.s65nKJbO4YcxzEXEsaGP0Ar.ZW', 'xavier.dupont@hotmail.fr', NULL, NULL, NULL),
('7A5C6D61-16AC-484F-83F8-8051770C8C86', '7B599BDA-D0FD-412B-BDB3-D1AF0835E545', 'CORFA', 'Sylouan', 0, '$2y$10$7FTlk3q3f5MAOQeQvo0c6eWM18uPQKDHh7H5U8OwCHig5xEWa4I4e', 'sylouan.corfa@epsi.fr', NULL, NULL, NULL),
('7DFDB246-9BD4-4B06-9BD8-6BC43B667057', 'F105CF7D-9DCF-4B87-BE53-208EC695EBEB', 'ROBIN', 'Alexandre', 0, '$2y$10$ed5VBa53W8AspFCT5eFXp.h8M.zvl681lQALzwe3U7eiimPkkh41i', 'alexandre.robin1@epsi.fr', NULL, NULL, NULL),
('7E174563-7D7D-4C7C-8F17-C233DBD4B427', '28BC3DDD-8E8D-4F79-8CE3-B9C4979483F5', 'JEAN', 'de Stoppani ', 0, '$2y$10$nT1a8WT221IVHSrR8/nm5.JTKrZ1cgm.u7OjxmcnKbi3to/M6SQ0u', 'jdestoppani@gmail.com', NULL, NULL, NULL),
('8211C392-4E53-4C83-9BD0-7A7C47227A60', '28BC3DDD-8E8D-4F79-8CE3-B9C4979483F5', 'DEZETTRE', 'Priscillia', 1, '$2y$10$OsJi2jFxLE.l0i9GFjCv7umC6QSPnQ2DfYNyhBBIbhqqjQZzUgxoG', 'dezettrep@gmail.com', NULL, NULL, NULL),
('826768F9-6F68-4478-9A20-0417A943E745', '6F0B14AD-2843-4175-AEFA-3B4133B415CB', 'SETTOUCHE', 'Adel', 0, '$2y$10$ydhYlvj7NohZHFJP4YVqKeNoWCKakoe8OXHI59WQnUSTzmpkhf01K', 'Settouche.adel@gmail.com', NULL, NULL, NULL),
('86592CC5-DF85-429C-AA77-4EDE20852265', 'A93BC5AB-5A72-4ED3-BFA7-C8DA09B31AEA', 'LÉO', 'Catifait', 1, '$2y$10$QQ5CNqhdH7.bb5P.ZtwGe.Zl/dJk0MSBAEnkMaVdYjvAuVaYzdtpC', 'leo.catifait@epsi.fr', NULL, NULL, NULL),
('87D86F54-1FCB-4845-98A5-4C26555FFE5A', '5FEA68B5-8A56-4B18-80CB-D8DA0920DD12', 'PAUVERS', 'Fabien', 0, '$2y$10$zG2BHmGkfh6OQyGe7i/b1Od07yz9/O4UhjCVL0oPhhRAe2u206Qtm', 'fabien.pauvers@epsi.fr', NULL, NULL, NULL),
('8B430357-F983-406F-9858-185ECE0CE8E7', '6F0B14AD-2843-4175-AEFA-3B4133B415CB', 'ALEXANDRE', 'Gautier', 0, '$2y$10$7E1lc3nJMwa0MX7ICrYsqeTAAgoqr6KjA5Ar2VU.MfgySWq68DXKe', 'alexandre.gautier0210@gmail.com', NULL, NULL, NULL),
('8BB78AE0-C441-4BF2-AD23-D1A6D88B2A33', 'A93BC5AB-5A72-4ED3-BFA7-C8DA09B31AEA', 'BARITEAU', 'Marion', 1, '$2y$10$stidZpxfm.sNf9CqE4xyNOccpObHwMcvcIYnsizvFuYqBQediXsG.', 'marion.bariteau@hotmail.fr', NULL, NULL, NULL),
('8CE0204A-42A8-4D39-B901-41A507DA9035', '5FEA68B5-8A56-4B18-80CB-D8DA0920DD12', 'THOMAS', 'Hippolyte', 0, '$2y$10$.xRhJ80qRgInjNzPjhcjRurodGqTX6PjPBo5ZlWlsUGQz8fJ3mTAS', 'hippolyte.thomas@epsi.fr', NULL, NULL, NULL),
('8E90BBD1-004F-45A1-8526-354829E4F8C3', '28BC3DDD-8E8D-4F79-8CE3-B9C4979483F5', 'GUILLET', 'Rémy', 0, '$2y$10$syETDmHjCwIiTZwIZOyYje5FlBi4SRcvUjxzX2EdM8auQfuWZw/ge', 'r.guilletgrimaud@ecoles-wis.net', NULL, NULL, NULL),
('8F2C5614-AD92-4EF2-B85C-FA4C2E448F25', '166C4409-377A-43E2-A166-5215980B5A81', 'DRAPP', 'Etienne', 0, '$2y$10$E7hrPGqfa3FV374LkJCdVOB2s7kqSuk7niPXKqtu.vkY5QXfmKRfi', 'etienne.drapp@epsi.fr', NULL, NULL, NULL),
('8F5198C3-10F4-442A-BC42-0019C45A7A5C', '6F0B14AD-2843-4175-AEFA-3B4133B415CB', 'PICHON-LEROY', 'Arthur', 0, '$2y$10$etEvkmMsw9ckoCtoa9pmeuFms0FW1g7/1K3V/V9Tg0jLBnBDSzaqS', 'arthur.pichonleroy@epsi.fr', NULL, NULL, NULL),
('8F69CF82-8EB6-4603-941F-EF923E2E600E', 'A93BC5AB-5A72-4ED3-BFA7-C8DA09B31AEA', 'DUVAL', 'Michel', 0, '$2y$10$jt.h9Mwth.cmKxkgRgewIep.d3XYvOZh3Gv04mIE1dnH4QtfqvknG', 'michel.duval2@epsi.fr', NULL, NULL, NULL),
('9360A4B6-580E-4203-85A5-1088C862575A', '6F0B14AD-2843-4175-AEFA-3B4133B415CB', 'MARTINEAU', 'Romain', 0, '$2y$10$G3Oe1u9K7CkY7n9G.kQ8Z.4.rK9AbC/KgGG4bJaQEKtMTNqCZoKea', 'romainmart.85@gmail.com', NULL, NULL, NULL),
('9540ABC9-94E3-415C-B4F4-6B3695164F98', '6F0B14AD-2843-4175-AEFA-3B4133B415CB', 'ELOUAN', 'Vigneron', 0, '$2y$10$58gaydhCD/hEPysictre5.JDAvqdJWDXuxlet/o6aQVn1vhdoXOaC', 'elouan.vigneron@epsi.fr', NULL, NULL, NULL),
('95E78312-1DFF-4C48-8119-82C784DE5523', 'F105CF7D-9DCF-4B87-BE53-208EC695EBEB', 'NÈGRE', 'Pierre', 0, '$2y$10$OcWSznjNFkFlJ1Fw0nAaU.sEIG4T.XdxB7S5p7FOu.sYS9af6gE6q', 'pierre.negre2@gmail.com', NULL, NULL, NULL),
('9A2AF5EA-252A-4884-A4DD-F38EB510028E', '15FEAC24-640C-494C-A357-C2F2F4E53A8C', 'HUET', 'Simon', 0, '$2y$10$JibFAVc78SoO8uQuO0Rl1uO.3Z8Yau44jCJvx2XREIZKZ/8FL.RFu', 'simon.huet@epsi.fr', NULL, NULL, NULL),
('A0DEDE89-1CA9-4298-B0EF-48B81C5E7901', '5FEA68B5-8A56-4B18-80CB-D8DA0920DD12', 'BALLANGER', 'Alan', 0, '$2y$10$c.xRfxChWO/55wjYpeF.j.X0OZ.jn8DQ4vISoOUwRI1Xmdo..ob/q', 'ballanger.alan@epsi.fr', NULL, NULL, NULL),
('A2227687-6FA3-4F54-89F1-5E67AD3E9340', 'F105CF7D-9DCF-4B87-BE53-208EC695EBEB', 'FABIEN', 'RENAUD', 0, '$2y$10$4DrHRnzq2mj4mNLj2W6S0u.hf6kZ7XAGPVgAYkkbPT.SL2MGo6PBy', 'fabien.renaud@epsi.fr', NULL, NULL, NULL),
('A23C1FD5-49AA-415F-8C20-353FA90654A4', '166C4409-377A-43E2-A166-5215980B5A81', 'GRIMAULT', 'Romain', 0, '$2y$10$QSqWxKUY0k0pnpVFW3ELnuIT2ikaEa1hyQQCl5aoi53b/ouBGEMwq', 'romain.grimault@epsi.fr', NULL, NULL, NULL),
('A4181716-2B9C-429F-90D1-A8601B6F3ADC', 'A93BC5AB-5A72-4ED3-BFA7-C8DA09B31AEA', 'BEALU', 'Zoé', 0, '$2y$10$LS0uAQZBn52rXToMtBsKresqFmfGs/zSIZUMeE5jJaQLUNioL2Tf.', 'zoe.bealu@epsi.fr', NULL, NULL, NULL),
('A5ECCF6B-F00F-4E37-A57A-B16864F4F62F', 'A93BC5AB-5A72-4ED3-BFA7-C8DA09B31AEA', 'DEYRIS', 'Antoine', 0, '$2y$10$fpxSXcMvWoLazKfEIKzCturAF5UXtpEjBsCkMkLJUMmUTwLMT3liG', 'antoine.deyris@epsi.fr', NULL, NULL, NULL),
('A607C8B8-FEA6-44E1-8A60-F54402632EE9', '15FEAC24-640C-494C-A357-C2F2F4E53A8C', 'SOUILLÉ', 'Paul', 0, '$2y$10$ZGMRaUCC6QtJBrkH7OEzEecpoqbw3L9jPdM0HB.3jaxUxmZrdmCs2', 'paul.souille@epsi.fr', NULL, NULL, NULL),
('A619D1ED-776D-41EC-A347-66B458B286C6', '7B599BDA-D0FD-412B-BDB3-D1AF0835E545', 'BARANGER', 'clement', 0, '$2y$10$eGZYB3utmswlPtgf4g.cZODUibYwTdGzPLnHzzz4MMiNPXxSn/0cG', 'cbarange.dev@gmail.com', NULL, NULL, NULL),
('AA061ACB-EDC7-4158-86E9-D3DEE6EEE02F', '5FEA68B5-8A56-4B18-80CB-D8DA0920DD12', 'GAUTIER', 'Corentin', 0, '$2y$10$NamMywF8b.9o2Z1aoklbpug/JvUxXgrSjUKH6Nb80lkrLgBbj8tJm', 'corentin.gautier@epsi.fr', NULL, NULL, NULL),
('AA2F6999-BB00-4515-98D7-B09E69F1AFA5', '7B599BDA-D0FD-412B-BDB3-D1AF0835E545', 'OLLIVIER', 'Axel', 0, '$2y$10$2YD8mmtS1e.eO4xa7KcUuOMk.EU2nIz2tUteXlbhf8/FUfIVoeI5K', 'axel.ollivier@epsi.fr', NULL, NULL, NULL),
('AFA86D10-3B9D-4B39-B11F-E711EB9748CC', '38AB7148-A2F8-4A4A-8639-B26E02374EEC', 'PRIOU', 'Dylan', 0, '$2y$10$Dr..3O03AnOLJ53NJopNFuYLUj3q.1SgRe9HGxSpi0vKp1HxSHxMK', 'dylan.priou@epsi.fr', NULL, NULL, NULL),
('B07B4BC4-FA54-4D2A-8D0C-7D04925E3914', '6F0B14AD-2843-4175-AEFA-3B4133B415CB', 'YAMMOURI', 'Rania', 0, '$2y$10$xumGpSuRpsZ.DuDesl1phOFuC6qVonx.IbipnO.NYo841OwD8orDW', 'raniayammouri24@gmail.com', NULL, NULL, NULL),
('B11516EE-5CFD-45B3-93EE-DFE4726EF339', 'A93BC5AB-5A72-4ED3-BFA7-C8DA09B31AEA', 'DUREL', 'yohann', 0, '$2y$10$MODmChbQUqPsnKuIpwHhleLSPzLw0EL6EcQQfNcPBVm0jli.w0pwG', 'yohann.durel@epsi.fr', NULL, NULL, NULL),
('B1840AD0-C4AB-4192-9ACF-A47CD6439E01', '166C4409-377A-43E2-A166-5215980B5A81', 'DURASSIER-BONHEUR', 'Nathalie', 0, '$2y$10$B3IJ5.BCJixoBkOlzWVt4OJMvgA4jwN8bdI1OzUuPsS9l9ntAnjBO', 'n.durassierbonheur@epsi.fr', NULL, NULL, NULL),
('B3898CB9-742B-4DFF-83A9-4C84952A467A', 'F105CF7D-9DCF-4B87-BE53-208EC695EBEB', 'GAUTIER', 'Julien', 0, '$2y$10$VjXLDPC3VzcqAvAjlXkB9u32qVFPZYns08enY5HZt/voFzodrD5vm', 'julien.gautier@epsi.fr', NULL, NULL, NULL),
('B4D56EC6-E2A0-44EE-B9DD-7A6900C71DCF', 'A93BC5AB-5A72-4ED3-BFA7-C8DA09B31AEA', 'GABLIN', 'Alexandre', 0, '$2y$10$11NrikMmFCT5c15IsWVc0.l5aBA7o92r2SE.hjI.QqUhWq4HdDtRG', 'alexandre.gablin@epsi.fr', NULL, NULL, NULL),
('BC0FBE11-76A4-4741-B9B6-A5AF0E5F801F', '7B599BDA-D0FD-412B-BDB3-D1AF0835E545', 'HAZARD', 'Simon', 0, '$2y$10$.FUqokyspgIn9oKgoHxGPOmjR/QM8rWTgDDPanFsV2of6dgyGipz2', 'simon.hazard@epsi.fr', NULL, NULL, NULL),
('BDC53613-7C72-4FB1-9429-0375DEF988FE', '7B599BDA-D0FD-412B-BDB3-D1AF0835E545', 'BARANGER', 'clement', 0, '$2y$10$OoiTBAcYrin2i3qP3YO20efpHCM1QVNBdVLv0Fd.L9oWUttyPYCIS', 'clement.baranger@epsi.fr', NULL, NULL, NULL),
('C3740C2F-79A3-4DD1-A69F-8F1190E49BF9', 'A93BC5AB-5A72-4ED3-BFA7-C8DA09B31AEA', 'FARVACQUE', 'Théophile', 0, '$2y$10$j4zDVVkTvPhQ5Jv3IsBIqOhzTNBfFNXlM86MnXeUTPOxiGGSHNhyC', 'theophile.farvacque@epsi.fr', NULL, NULL, NULL),
('C467A78C-4687-422F-883F-0114992BEAD5', '28BC3DDD-8E8D-4F79-8CE3-B9C4979483F5', 'RANDRIAMORA', 'Hasina', 0, '$2y$10$QsUb2rOxuBusc68vFS2qluWEkuhRzmuF.GamdkiShZoSOYIIJ5Ary', 'hasina.randriamora@ecoles-wis.net', NULL, NULL, NULL),
('C58498ED-3D18-411F-82EC-68654D710FBD', '5FEA68B5-8A56-4B18-80CB-D8DA0920DD12', 'ELIE', 'Florian', 0, '$2y$10$AGsiTcfenLmacPTFEDs6KeckCOqP5YnRod7LzjD8S0EEUg7lbpAoS', 'florian.elie@epsi.fr', NULL, NULL, NULL),
('C8051877-3086-46D2-937B-3839229F8859', '6F0B14AD-2843-4175-AEFA-3B4133B415CB', 'ROYAN', 'Malo', 0, '$2y$10$nqd5iUA2Fks5qp1vR9ia5e.wJE2yb0PSXQmFlIC3iVaJBB/G.1Mku', 'malo.royan@epsi.fr', NULL, NULL, NULL),
('C87632AB-1184-44DC-878A-5FBD30B656A6', 'A93BC5AB-5A72-4ED3-BFA7-C8DA09B31AEA', 'DIVET', 'Hugo', 0, '$2y$10$LMUpCGK8JF33dP8w1aj0jeWCL7MZtq6v4UQPYCrXuMORRMrwK/6QO', 'Hugo.divet@gmail.com', NULL, NULL, NULL),
('C89DCBB2-55D5-4B28-86FF-24523D44D8EB', 'A93BC5AB-5A72-4ED3-BFA7-C8DA09B31AEA', 'BARITEAU', 'Marion', 0, '$2y$10$K8LqEFYlnN7hDvUH207v3.obcqWml0PXhQFLKsFNE6XyyTX3koz36', 'marion.bariteau@epsi.fr', NULL, NULL, NULL),
('C9117ED5-3B38-4A46-A91C-3E34C62F42A0', '6077FCFC-FBF4-4260-BC76-0121644AFE9B', 'AGOSTINI', 'Jules', 0, '$2y$10$Wr2e/lvCqpX/N8bMYF2/QOnQggf584neItMofVhxjg5xlN1hpgGti', 'jules.agostini@epsi.fr', NULL, NULL, NULL),
('C97A55E1-6F52-4317-9DA5-EA23E802A6C3', '28BC3DDD-8E8D-4F79-8CE3-B9C4979483F5', 'LE MOAL', 'Killian', 0, '$2y$10$9C47RVgkcp8qiF/YVxewY.OBWzK/w8sxImcoA9m13R0NvlkPnZwu.', 'killian.lemoal2001@gmail.com', NULL, NULL, NULL),
('D0B949D2-71D1-476E-AB3C-1F1706B1428C', '166C4409-377A-43E2-A166-5215980B5A81', 'BORDA', 'Lorenzo', 0, '$2y$10$9eUiLMAN4rG4Ud5zzO88..joO0HB4ur2LLVEOSPDPn0OhdR5sfiHW', 'lorenzo.borda@epsi.fr', NULL, NULL, NULL),
('D0BBDF24-0118-4867-B55F-61DC24E662EB', 'A93BC5AB-5A72-4ED3-BFA7-C8DA09B31AEA', 'BRUTUS', 'Théo', 0, '$2y$10$4M1ga0NFVw/7CBMusN4r7OTCvnjIPbMJPR1dK99N7x43N/oagaABO', 'theo.brutus@epsi.fr', NULL, NULL, NULL),
('D14C7C14-3C0F-49C9-9186-3EA783AA972B', '5FEA68B5-8A56-4B18-80CB-D8DA0920DD12', 'CAILLER', 'Alexandre', 0, '$2y$10$XmAvpuLM1cwI5vSzgothl./7GHvpydsaVercZCLmGMZkovaRGEGku', 'alexandre.cailler@epsi.fr', NULL, NULL, NULL),
('D18F14D9-5C91-4DEF-8A8D-E99143481DFA', '15FEAC24-640C-494C-A357-C2F2F4E53A8C', 'CHAUVET', 'Maël', 0, '$2y$10$3JfdswEDPK/Aw5Y7absJsOLAlUWvJz9WcQnniI30PY6lxh96cc3Ya', 'mael.chauvet@epsi.fr', NULL, NULL, NULL),
('D1988EDD-7BAF-4450-BBFB-E6A0A4F2F02E', '6077FCFC-FBF4-4260-BC76-0121644AFE9B', 'FOUILLET', 'Yoann', 0, '$2y$10$MpyxkQZyd6yjgtxkFH838OxG/c5SuZPLxw/Fv5HsF8KNmTzcNf7.S', 'yoann@fouillet.pro', NULL, NULL, NULL),
('D5BBE066-00B2-425F-9CA0-B40018E120FB', '28BC3DDD-8E8D-4F79-8CE3-B9C4979483F5', 'DE STOPPANI', 'Jean', 0, '$2y$10$8YdlR5J/66SOtZVinVhHNunLWx2Jny0SPFJTIB5v/UP50yeoqPoAG', 'jeandestoppani@gmail.com', NULL, NULL, NULL),
('DCD2B846-A83E-4177-ADB0-7CD8B31C116F', '28BC3DDD-8E8D-4F79-8CE3-B9C4979483F5', 'JEAN', 'de Stoppani', 0, '$2y$10$rhPNYebheTFzXHayJrSAeOFwDYxE0phrstIKMP2j.alJQIFWr69NO', 'Androm73@gustr.com', NULL, NULL, NULL),
('DCFD0D9D-59FE-44E7-854E-00AEC11E3A59', '5FEA68B5-8A56-4B18-80CB-D8DA0920DD12', 'MANSARD', 'Paul', 0, '$2y$10$yKqpQHlUllD.sORa3uEUteiwYjLAJCkGi.y4PaPp8LBDQm5Frw5Wy', 'mansard.paul@gmail.com', NULL, NULL, NULL),
('DD8DCDB5-FF41-4A5E-B02F-DF1E8D373561', '6F0B14AD-2843-4175-AEFA-3B4133B415CB', 'HILLION', 'Briac', 0, '$2y$10$/dy7NSmng5r42RKKSmzkMe1I.DR7nm3VboYeyBHLLmSY6HRTwq12.', 'briac.hillion@epsi.fr', NULL, NULL, NULL),
('DEC1DCBC-9B2A-4792-AC95-9BE18EEB379C', '28BC3DDD-8E8D-4F79-8CE3-B9C4979483F5', 'DECLE', 'Elliot', 0, '$2y$10$LPUdiq96YTQPos8pJwoDAuTcaUVs4MeGkgxh//aWaNAsvDs4PHM5O', 'elliot.decle@gmail.com', NULL, NULL, NULL),
('DF734454-1C51-4365-A87F-E13C48EB7BE7', 'A93BC5AB-5A72-4ED3-BFA7-C8DA09B31AEA', 'DE LA BICHE', 'Gabriel', 0, '$2y$10$S/a3swMSl/xiRBsSKtfZK.nVeWDFFuNa9/SZfRUJtPaZJVBxURce2', 'gabriel.delabiche@epsi.fr', NULL, NULL, NULL),
('E2CEA77A-4025-42A0-B561-E3A6E4A78B78', '6F0B14AD-2843-4175-AEFA-3B4133B415CB', 'LE FLOCH', 'Breval', 0, '$2y$10$Tf.okR3rEq3j01TyNCpGj.P4kTHV4BcpTC2PHtzHT9OqOCnzK8NQK', 'breval.leflcoh@epsi.fr', NULL, NULL, NULL),
('E32BEAFC-4C25-4448-98B2-5D46DD2C685F', '7B599BDA-D0FD-412B-BDB3-D1AF0835E545', 'LEMEE', 'Martin', 0, '$2y$10$MSxiTcUd0RQr2jtyDs/yoOc4mbu/W1LhhzTzIGkvppXNjX2QwdN5O', 'martin.lm@outlook.fr', NULL, NULL, NULL),
('E6652B5D-A7F0-4CC6-B134-2D9D83E1790D', '28BC3DDD-8E8D-4F79-8CE3-B9C4979483F5', 'ALLENCAX', 'AllencaxFP', 0, '$2y$10$5MH4ZBtA2P2aaZ/fchNz9uEgNzty3.q78msOKCHhCrWzF4CHo52zG', 'yourmail235@gmail.com', NULL, NULL, NULL),
('E8223230-0DC9-48EA-8B9E-E8FACF7A4E34', '38AB7148-A2F8-4A4A-8639-B26E02374EEC', 'MENANTEAU', 'Cédric', 0, '$2y$10$a4eBr1MG2PgiJCopyNsiwe/WjnBJPE0g.bv9IWztPpNR8Ae3D7.LO', 'cedr.men@gmail.com', NULL, NULL, NULL),
('E822765B-D828-44D2-9420-566141755577', '6F0B14AD-2843-4175-AEFA-3B4133B415CB', 'SETTOUCHE', 'Adel', 0, '$2y$10$NhuU1DQWU8hPEDXKEe/TCuAKUgVDdAH0Q1nUbahLG4.nmz3/Bp2Um', 'adel.settouche@epsi.fr', NULL, NULL, NULL),
('EB752EF9-8C1E-483A-B1A3-B63484D2B8D9', 'A93BC5AB-5A72-4ED3-BFA7-C8DA09B31AEA', 'BARRE', 'Grégoire', 0, '$2y$10$GXEUHh5Wsi0q.MsFfNWNteciZZ81nIf.1GC8nHqtQQrKs3W6AVec2', 'gregoire.tbarre@gmail.com', NULL, NULL, NULL),
('ECCF1717-7A5B-496C-96B8-9638E3485C1C', '7B599BDA-D0FD-412B-BDB3-D1AF0835E545', 'GAULTIER', 'Alexandre', 0, '$2y$10$T44MHdXggovp.p5DQC3yG.fKt.v/5LgsIM6l8HJVkE7AfTWQwG2i6', 'alexandre.gaultier@epsi.fr', NULL, NULL, NULL),
('EDB81FA6-B07A-420B-A926-2583B6EDC3CB', '5FEA68B5-8A56-4B18-80CB-D8DA0920DD12', 'FAUCONNIER', 'Gaëtan', 0, '$2y$10$PUm9FFTxLI5ql3epYUvJMeGnUo4N1ACqHKTL4vgmKqJaJhJWRU9hq', 'gaetan.fauconnier@epsi.fr', NULL, NULL, NULL),
('EF93D9D0-C50E-45FB-8BE1-39F66CDD6B9F', 'A93BC5AB-5A72-4ED3-BFA7-C8DA09B31AEA', 'DELAGE', 'Antoine', 0, '$2y$10$H8Bh.enWpEmj4kNlDc5kRuwO89e1cAs/sMMmE3yfOpt5FIxRZyxQG', 'antoinedelage56000@gmail.com', NULL, NULL, NULL),
('EFBC66C9-EAE5-4E63-9E78-6B3B85127A2C', '28BC3DDD-8E8D-4F79-8CE3-B9C4979483F5', 'BINATE', 'Ivannah', 0, '$2y$10$38hKVQZ28bkyoXT9dcHjVu1.gybyMhpDn4YUkWxmikXm1tzGF/KvW', 'ivannahbinate@gmail.com', NULL, NULL, NULL),
('F1FA3068-8F29-4BBF-8D26-2C584F8355E3', 'EB56ECE5-3F99-4C08-BF71-1FC3FDCFBC03', 'LOGRE', 'Pierre', 0, '$2y$10$wm3JCHS.69qB3T4TO.BA/uFYTOZFeXr4/Q0AKTVM3igje5jfjbH32', 'pierre.logre1@gmail.com', NULL, NULL, NULL),
('F2E0B8C6-DC9E-42A8-859A-B1D2794F6372', '5FEA68B5-8A56-4B18-80CB-D8DA0920DD12', 'EVEN', 'Nicolas', 0, '$2y$10$/N27GVGimCMdi6T6hxwYkeM.lgj5IbJbFS1Z0UalRzWLPuh1tFhTq', 'nicolaseven76@gmail.com', NULL, NULL, NULL),
('F38D2DA5-2FDB-4ED2-81BF-B09975A68C20', 'A93BC5AB-5A72-4ED3-BFA7-C8DA09B31AEA', 'MANSARD ', 'Paul', 0, '$2y$10$Z89VNTGBF.UOGrilfNCfK.tWWyH2Y7b89LuNeTNDnf9c5zCoSiIxK', 'paul.mansard@epsi.fr', NULL, NULL, NULL),
('F3E6DBCE-32F6-47E1-BC55-03524F993D80', 'A93BC5AB-5A72-4ED3-BFA7-C8DA09B31AEA', 'BLANQUART', 'Alexis', 0, '$2y$10$7ae0xYXE3eG4e.WIt8CDve53lXP3dTNl1vPuLKic88FMK8r33pwhq', 'alexis.blanquart@epsi.fr', NULL, NULL, NULL),
('F8D93B69-3D7D-4968-BB4E-23EF6D91BD5B', 'A93BC5AB-5A72-4ED3-BFA7-C8DA09B31AEA', 'COEUILLET', 'Quentin', 0, '$2y$10$3z/dxw4Q5CFoBjLJHoT3wuMrOJx1zjJx2Ff2tk86V0uN1VAdWoWtO', 'quentin.coeuillet@epsi.fr', NULL, NULL, NULL),
('F909AA54-6C10-490A-85D4-EDF385C3DE1E', '28BC3DDD-8E8D-4F79-8CE3-B9C4979483F5', 'NICOU', 'Sébastien', 0, '$2y$10$zKo/eCThw3SrufvHKclIcO2IVt5JV2/nUixjWmUaNMlczP2H7TFFi', 'sebastien.nicou@ecoles-wis.net', NULL, NULL, NULL),
('F9BA9AF8-B3BA-41C2-8358-4AB4E629EE75', '7B599BDA-D0FD-412B-BDB3-D1AF0835E545', 'MONNIER', 'Maxime', 0, '$2y$10$9LjK9lIa3rYkA.FbKSY6e.TqiyDw5ujru3Yi7PGE4In2Xw0eryn.y', 'maxime.monnier@epsi.fr', NULL, NULL, NULL),
('F9EEF704-351B-4B11-B0CF-E5880D1C991B', '6F0B14AD-2843-4175-AEFA-3B4133B415CB', 'VENDÉ', 'Mathys', 0, '$2y$10$uH9SA7u2YMp1hd9CkvFEwutbpoUNcOxXIoY0ZmxlLGoYPBdW0rhcW', 'mathys.vende44@gmail.com', NULL, NULL, NULL),
('FCA2D4A2-F5CF-4D0C-AF2A-DCE284796DA0', 'F105CF7D-9DCF-4B87-BE53-208EC695EBEB', 'LOSSEC', 'Pascal', 0, '$2y$10$B9aUO.xsuDLWRX9WWfrrLOB3BXB4mq6py/89YdZ6ZtmvtNtyvf4da', 'pascal.lossec@epsi.fr', NULL, NULL, NULL),
('FD6A6CA2-E82B-4347-BFEB-9D1B4AE68AF1', '5FEA68B5-8A56-4B18-80CB-D8DA0920DD12', 'BURGAUDEAU', 'Antoine', 0, '$2y$10$qteEgL8Cyfr1Tpwsnt.LZOrvVmQfPc35tv2QnYQE.HdWVpDRKZVoS', 'antoine.burgaudeau@epsi.fr', NULL, NULL, NULL);

-- --------------------------------------------------------

--
-- Structure de la table `question_forum`
--

DROP TABLE IF EXISTS `question_forum`;
CREATE TABLE IF NOT EXISTS `question_forum` (
  `id_question` varchar(40) COLLATE utf8mb4_unicode_ci NOT NULL,
  `titre` varchar(255) COLLATE utf8mb4_unicode_ci NOT NULL,
  `description` longtext COLLATE utf8mb4_unicode_ci DEFAULT NULL,
  `id_personne` varchar(40) COLLATE utf8mb4_unicode_ci NOT NULL,
  `id_matiere` varchar(255) COLLATE utf8mb4_unicode_ci NOT NULL,
  `status` tinyint(1) NOT NULL DEFAULT 0,
  `date` timestamp NOT NULL DEFAULT current_timestamp(),
  PRIMARY KEY (`id_question`),
  KEY `IDX_B5C0AFC9F6B8ABB9` (`id_personne`),
  KEY `FK_id_matiere` (`id_matiere`)
) ENGINE=InnoDB DEFAULT CHARSET=utf8mb4 COLLATE=utf8mb4_unicode_ci;

-- --------------------------------------------------------
--
-- Structure de la table `comment`
--

DROP TABLE IF EXISTS `comment`;
CREATE TABLE IF NOT EXISTS `comment` (
  `id_comment` varchar(40) COLLATE utf8mb4_unicode_ci NOT NULL,
  `contenu` longtext COLLATE utf8mb4_unicode_ci NOT NULL,
  `dateCreation` timestamp NOT NULL DEFAULT current_timestamp(),
  `id_question` varchar(40) COLLATE utf8mb4_unicode_ci DEFAULT NULL,
  `id_personne` varchar(40) COLLATE utf8mb4_unicode_ci NOT NULL,
  `id_reply` varchar(40) COLLATE utf8mb4_unicode_ci DEFAULT NULL,
  PRIMARY KEY (`id_comment`),
  KEY `IDX_9474526CF45F47C8` (`id_question`),
  KEY `IDX_9474526CF6B8ABB9` (`id_personne`),
  KEY `Fk_id_reply` (`id_reply`)
) ENGINE=InnoDB DEFAULT CHARSET=utf8mb4 COLLATE=utf8mb4_unicode_ci;

-- --------------------------------------------------------

--
-- Structure de la table `cours`
--

DROP TABLE IF EXISTS `cours`;
CREATE TABLE IF NOT EXISTS `cours` (
  `id_cours` varchar(40) COLLATE utf8mb4_unicode_ci NOT NULL,
  `id_matiere` varchar(40) COLLATE utf8mb4_unicode_ci DEFAULT NULL,
  `id_promo` varchar(40) COLLATE utf8mb4_unicode_ci DEFAULT NULL,
  `intitule` text COLLATE utf8mb4_unicode_ci NOT NULL,
  `date` timestamp NOT NULL DEFAULT current_timestamp(),
  `commentaires` text COLLATE utf8mb4_unicode_ci DEFAULT NULL,
  `nbParticipants` int(11) DEFAULT NULL,
  `duree` int(11) DEFAULT NULL,
  `status` tinyint(1) NOT NULL,
  `stage` tinyint(1) NOT NULL,
  `salle` text COLLATE utf8mb4_unicode_ci DEFAULT NULL,
  PRIMARY KEY (`id_cours`),
  KEY `Fk_Matiere` (`id_matiere`),
  KEY `fk_cours_promo1_idx` (`id_promo`)
) ENGINE=InnoDB DEFAULT CHARSET=utf8mb4 COLLATE=utf8mb4_unicode_ci;

-- --------------------------------------------------------


--
-- Structure de la table `logs`
--

DROP TABLE IF EXISTS `logs`;
CREATE TABLE IF NOT EXISTS `logs` (
  `id_log` varchar(40) COLLATE utf8mb4_unicode_ci NOT NULL,
  `id_cours` varchar(40) COLLATE utf8mb4_unicode_ci NOT NULL,
  `heure` timestamp NOT NULL DEFAULT current_timestamp(),
  PRIMARY KEY (`id_log`)
) ENGINE=InnoDB DEFAULT CHARSET=utf8mb4 COLLATE=utf8mb4_unicode_ci;

-- --------------------------------------------------------

--
-- Structure de la table `logs_proposition`
--

DROP TABLE IF EXISTS `logs_proposition`;
CREATE TABLE IF NOT EXISTS `logs_proposition` (
  `id_log` varchar(40) COLLATE utf8mb4_unicode_ci NOT NULL,
  `id_proposition` varchar(40) COLLATE utf8mb4_unicode_ci DEFAULT NULL,
  `heure` datetime DEFAULT NULL,
  PRIMARY KEY (`id_log`)
) ENGINE=InnoDB DEFAULT CHARSET=utf8mb4 COLLATE=utf8mb4_unicode_ci;

-- --------------------------------------------------------

--
-- Structure de la table `niveau`
--

DROP TABLE IF EXISTS `niveau`;
CREATE TABLE IF NOT EXISTS `niveau` (
  `id_niveau` varchar(40) COLLATE utf8mb4_unicode_ci NOT NULL,
  `intitule` text COLLATE utf8mb4_unicode_ci NOT NULL,
  PRIMARY KEY (`id_niveau`)
) ENGINE=InnoDB DEFAULT CHARSET=utf8mb4 COLLATE=utf8mb4_unicode_ci;

--
-- Déchargement des données de la table `niveau`
--

INSERT INTO `niveau` (`id_niveau`, `intitule`) VALUES
('2d1804ae-94b0-4f45-8670-ae4bbc258507', 'Difficulté'),
('2dd15861-c47e-4c32-a322-2f137dfc5dad', 'Normal'),
('d0d6e789-1a50-470f-9e54-4f54a2160cb8', 'Expert');

-- --------------------------------------------------------

--
-- Structure de la table `personne_archive`
--

DROP TABLE IF EXISTS `personne_archive`;
CREATE TABLE IF NOT EXISTS `personne_archive` (
  `id_personne` varchar(40) COLLATE utf8mb4_unicode_ci NOT NULL,
  `id_archive` varchar(40) COLLATE utf8mb4_unicode_ci NOT NULL,
  `rang_personne` tinyint(1) NOT NULL,
  KEY `IDX_B73B9615F15257A` (`id_personne`),
  KEY `IDX_B73B961B61F4EC` (`id_archive`)
) ENGINE=InnoDB DEFAULT CHARSET=utf8mb4 COLLATE=utf8mb4_unicode_ci;

--
-- Déchargement des données de la table `personne_archive`
--

INSERT INTO `personne_archive` (`id_personne`, `id_archive`, `rang_personne`) VALUES
('25AEC57A-C2CA-49A5-863E-ED15D96D9ACE', '0AF64BD1-BEC4-4C33-BF68-2B808942CA14', 1),
('F3E6DBCE-32F6-47E1-BC55-03524F993D80', '0AF64BD1-BEC4-4C33-BF68-2B808942CA14', 0),
('488CE4C4-AB4C-420F-9B1A-4B312099F507', '0AF64BD1-BEC4-4C33-BF68-2B808942CA14', 0),
('A4181716-2B9C-429F-90D1-A8601B6F3ADC', '0AF64BD1-BEC4-4C33-BF68-2B808942CA14', 0),
('DEC1DCBC-9B2A-4792-AC95-9BE18EEB379C', 'CAF14E6A-BA8C-4FC6-8D02-4CB248683085', 1),
('8211C392-4E53-4C83-9BD0-7A7C47227A60', 'CAF14E6A-BA8C-4FC6-8D02-4CB248683085', 0),
('DCD2B846-A83E-4177-ADB0-7CD8B31C116F', 'CAF14E6A-BA8C-4FC6-8D02-4CB248683085', 0),
('7A5C6D61-16AC-484F-83F8-8051770C8C86', '985D7BCC-9C71-466B-BB49-70D3BF8F0AF5', 1),
('488CE4C4-AB4C-420F-9B1A-4B312099F507', '985D7BCC-9C71-466B-BB49-70D3BF8F0AF5', 0),
('F3E6DBCE-32F6-47E1-BC55-03524F993D80', '985D7BCC-9C71-466B-BB49-70D3BF8F0AF5', 0),
('7A5C6D61-16AC-484F-83F8-8051770C8C86', '1B6B955F-6E7A-48BB-85D8-CEA22A8C6187', 1),
('F1FA3068-8F29-4BBF-8D26-2C584F8355E3', '1B6B955F-6E7A-48BB-85D8-CEA22A8C6187', 0),
('0E998DC0-6EC7-4003-ACB7-D77DB6708A64', '41AF2895-6E78-4055-8E49-12FB8219C853', 1),
('1FEB9D7E-C3C4-420A-864F-4D2D3BF5ADA0', '41AF2895-6E78-4055-8E49-12FB8219C853', 0),
('2FD65D26-977B-4F7A-98DE-06D006F6AF74', '41AF2895-6E78-4055-8E49-12FB8219C853', 0),
('2E23A585-A635-4479-A520-CA41FF690A3F', '41AF2895-6E78-4055-8E49-12FB8219C853', 0),
('B3898CB9-742B-4DFF-83A9-4C84952A467A', '41AF2895-6E78-4055-8E49-12FB8219C853', 0),
('D18F14D9-5C91-4DEF-8A8D-E99143481DFA', '41AF2895-6E78-4055-8E49-12FB8219C853', 0),
('7A5C6D61-16AC-484F-83F8-8051770C8C86', '5D00B233-F3A6-4D34-8D5D-F4F298012C16', 1),
('2B2C60F6-8183-4A3A-841F-408F7F3BD855', '24C43918-AD50-4CDD-A04C-59351BD738BC', 1),
('488CE4C4-AB4C-420F-9B1A-4B312099F507', '24C43918-AD50-4CDD-A04C-59351BD738BC', 0),
('8BB78AE0-C441-4BF2-AD23-D1A6D88B2A33', '24C43918-AD50-4CDD-A04C-59351BD738BC', 0),
('5D1C2C16-66BC-4D0F-97DA-89C201FF12FF', 'B6CFF006-CF2A-46AC-BA8E-223CEB06CB89', 1),
('7A5C6D61-16AC-484F-83F8-8051770C8C86', 'F7ADB320-447D-41BE-B43C-4228787A5D89', 1),
('DD8DCDB5-FF41-4A5E-B02F-DF1E8D373561', 'F7ADB320-447D-41BE-B43C-4228787A5D89', 0),
('C8051877-3086-46D2-937B-3839229F8859', 'F7ADB320-447D-41BE-B43C-4228787A5D89', 0),
('7558D06A-B0E1-48BD-96E9-E007662E76DC', 'F7ADB320-447D-41BE-B43C-4228787A5D89', 0),
('14F4A444-CF47-4BB9-86E5-C9504C43D061', 'F7ADB320-447D-41BE-B43C-4228787A5D89', 0),
('9360A4B6-580E-4203-85A5-1088C862575A', 'F7ADB320-447D-41BE-B43C-4228787A5D89', 0),
('826768F9-6F68-4478-9A20-0417A943E745', 'F7ADB320-447D-41BE-B43C-4228787A5D89', 0),
('2AD60947-AA90-42C0-BF0E-B40192B8F1D7', 'F7ADB320-447D-41BE-B43C-4228787A5D89', 0),
('F9EEF704-351B-4B11-B0CF-E5880D1C991B', 'F7ADB320-447D-41BE-B43C-4228787A5D89', 0),
('488CE4C4-AB4C-420F-9B1A-4B312099F507', 'F7ADB320-447D-41BE-B43C-4228787A5D89', 0),
('D0BBDF24-0118-4867-B55F-61DC24E662EB', 'F7ADB320-447D-41BE-B43C-4228787A5D89', 0),
('C97A55E1-6F52-4317-9DA5-EA23E802A6C3', 'FE53629D-F8C9-4B21-AEE6-2A58929C2CB2', 1),
('8211C392-4E53-4C83-9BD0-7A7C47227A60', 'FE53629D-F8C9-4B21-AEE6-2A58929C2CB2', 0),
('DEC1DCBC-9B2A-4792-AC95-9BE18EEB379C', 'FE53629D-F8C9-4B21-AEE6-2A58929C2CB2', 0),
('D0B949D2-71D1-476E-AB3C-1F1706B1428C', 'FA8654F5-6E9C-44D7-8C46-B978B63116E1', 1),
('39154697-3070-4248-AA0B-82DCE1BBEC78', '24A58EBA-6B7D-4149-9ED0-43DFD897BAF2', 1),
('8B430357-F983-406F-9858-185ECE0CE8E7', '24A58EBA-6B7D-4149-9ED0-43DFD897BAF2', 0),
('488CE4C4-AB4C-420F-9B1A-4B312099F507', '24A58EBA-6B7D-4149-9ED0-43DFD897BAF2', 0),
('8211C392-4E53-4C83-9BD0-7A7C47227A60', '24A58EBA-6B7D-4149-9ED0-43DFD897BAF2', 0),
('9360A4B6-580E-4203-85A5-1088C862575A', '24A58EBA-6B7D-4149-9ED0-43DFD897BAF2', 0),
('B07B4BC4-FA54-4D2A-8D0C-7D04925E3914', '24A58EBA-6B7D-4149-9ED0-43DFD897BAF2', 0),
('39154697-3070-4248-AA0B-82DCE1BBEC78', 'C1B399BE-EAD1-4D9E-8B7B-67C18737AB8E', 1),
('DF734454-1C51-4365-A87F-E13C48EB7BE7', 'C1B399BE-EAD1-4D9E-8B7B-67C18737AB8E', 0),
('8BB78AE0-C441-4BF2-AD23-D1A6D88B2A33', 'C1B399BE-EAD1-4D9E-8B7B-67C18737AB8E', 0),
('39154697-3070-4248-AA0B-82DCE1BBEC78', 'A9F26374-7C5D-4302-9F5F-A9C7502A7C18', 1),
('0767044B-6964-4590-9A56-B1720C7CC849', 'F1ECA9C1-CD9A-44CC-9895-FE685482965B', 1),
('488CE4C4-AB4C-420F-9B1A-4B312099F507', 'F1ECA9C1-CD9A-44CC-9895-FE685482965B', 0),
('2E9D89E5-602F-4974-AAAC-A4EF150FD893', '6FA8DB5A-9EA0-45E2-8899-0E2DADF88678', 1),
('7558D06A-B0E1-48BD-96E9-E007662E76DC', '6FA8DB5A-9EA0-45E2-8899-0E2DADF88678', 0),
('488CE4C4-AB4C-420F-9B1A-4B312099F507', '6FA8DB5A-9EA0-45E2-8899-0E2DADF88678', 0),
('14F4A444-CF47-4BB9-86E5-C9504C43D061', '6FA8DB5A-9EA0-45E2-8899-0E2DADF88678', 0),
('15CE8C08-5F46-4EBB-87A6-82728C61DE54', '6FA8DB5A-9EA0-45E2-8899-0E2DADF88678', 0),
('3FCC0DC4-45AE-4286-83E1-BFB5DCF30F77', '6FA8DB5A-9EA0-45E2-8899-0E2DADF88678', 0),
('51CA79ED-7F7F-4767-BE90-C2BB060DC2EB', '6FA8DB5A-9EA0-45E2-8899-0E2DADF88678', 0),
('0887C174-DDC3-4308-A67B-070B499F9062', '6FA8DB5A-9EA0-45E2-8899-0E2DADF88678', 0),
('1F6EE2BA-C88E-4105-B5D8-56E4E7362D93', '6FA8DB5A-9EA0-45E2-8899-0E2DADF88678', 0),
('B11516EE-5CFD-45B3-93EE-DFE4726EF339', '6FA8DB5A-9EA0-45E2-8899-0E2DADF88678', 0),
('F8D93B69-3D7D-4968-BB4E-23EF6D91BD5B', '6FA8DB5A-9EA0-45E2-8899-0E2DADF88678', 0),
('8BB78AE0-C441-4BF2-AD23-D1A6D88B2A33', '6FA8DB5A-9EA0-45E2-8899-0E2DADF88678', 0),
('0728517F-C729-4EC9-A6EA-1BA69EFACA43', '1BA087B9-4AD7-43EA-98DC-C9F50CFAA623', 1),
('3FCC0DC4-45AE-4286-83E1-BFB5DCF30F77', '1BA087B9-4AD7-43EA-98DC-C9F50CFAA623', 0),
('39154697-3070-4248-AA0B-82DCE1BBEC78', '9D55EEDC-4697-48E8-A184-6C99D48F75F8', 1),
('8B430357-F983-406F-9858-185ECE0CE8E7', '9D55EEDC-4697-48E8-A184-6C99D48F75F8', 0),
('95E78312-1DFF-4C48-8119-82C784DE5523', '9D55EEDC-4697-48E8-A184-6C99D48F75F8', 1),
('F9BA9AF8-B3BA-41C2-8358-4AB4E629EE75', '4D862928-60E1-435E-9FF3-FFF1D01E9326', 1),
('39154697-3070-4248-AA0B-82DCE1BBEC78', '8F1F95CB-192D-41AF-AE19-20E505775BCE', 1),
('F3E6DBCE-32F6-47E1-BC55-03524F993D80', '8F1F95CB-192D-41AF-AE19-20E505775BCE', 0),
('8211C392-4E53-4C83-9BD0-7A7C47227A60', '8F1F95CB-192D-41AF-AE19-20E505775BCE', 0),
('B07B4BC4-FA54-4D2A-8D0C-7D04925E3914', '8F1F95CB-192D-41AF-AE19-20E505775BCE', 0),
('39154697-3070-4248-AA0B-82DCE1BBEC78', 'A2733366-FFC3-426A-9BC7-C3A2B517732F', 1),
('7558D06A-B0E1-48BD-96E9-E007662E76DC', 'A2733366-FFC3-426A-9BC7-C3A2B517732F', 0),
('488CE4C4-AB4C-420F-9B1A-4B312099F507', 'A2733366-FFC3-426A-9BC7-C3A2B517732F', 0),
('8B430357-F983-406F-9858-185ECE0CE8E7', 'A2733366-FFC3-426A-9BC7-C3A2B517732F', 0),
('8211C392-4E53-4C83-9BD0-7A7C47227A60', 'A2733366-FFC3-426A-9BC7-C3A2B517732F', 0),
('2AD60947-AA90-42C0-BF0E-B40192B8F1D7', 'A2733366-FFC3-426A-9BC7-C3A2B517732F', 0),
('14F4A444-CF47-4BB9-86E5-C9504C43D061', 'A2733366-FFC3-426A-9BC7-C3A2B517732F', 0),
('5F9A2B75-6A12-4587-8C7A-40AC410204DD', 'A2733366-FFC3-426A-9BC7-C3A2B517732F', 0),
('4F4A90CF-DAE0-46F0-95A1-0FEA578F5FA1', 'A2733366-FFC3-426A-9BC7-C3A2B517732F', 0),
('39154697-3070-4248-AA0B-82DCE1BBEC78', 'A2733366-FFC3-426A-9BC7-C3A2B517732F', 1),
('7558D06A-B0E1-48BD-96E9-E007662E76DC', 'A2733366-FFC3-426A-9BC7-C3A2B517732F', 0),
('8211C392-4E53-4C83-9BD0-7A7C47227A60', 'A2733366-FFC3-426A-9BC7-C3A2B517732F', 0),
('488CE4C4-AB4C-420F-9B1A-4B312099F507', 'A2733366-FFC3-426A-9BC7-C3A2B517732F', 0),
('7E174563-7D7D-4C7C-8F17-C233DBD4B427', 'A2733366-FFC3-426A-9BC7-C3A2B517732F', 0),
('C467A78C-4687-422F-883F-0114992BEAD5', 'A2733366-FFC3-426A-9BC7-C3A2B517732F', 0),
('05CDBBFA-DCEF-45E6-A1F3-B9B2F37C81EF', 'C47BACBD-52DB-4D84-B8DD-9997C3145DB8', 1),
('B4D56EC6-E2A0-44EE-B9DD-7A6900C71DCF', 'C47BACBD-52DB-4D84-B8DD-9997C3145DB8', 0),
('39154697-3070-4248-AA0B-82DCE1BBEC78', 'C57A1A6C-C862-47F3-B0E7-626002CB5518', 1),
('3FCC0DC4-45AE-4286-83E1-BFB5DCF30F77', 'C57A1A6C-C862-47F3-B0E7-626002CB5518', 0),
('8BB78AE0-C441-4BF2-AD23-D1A6D88B2A33', 'C57A1A6C-C862-47F3-B0E7-626002CB5518', 0),
('05CDBBFA-DCEF-45E6-A1F3-B9B2F37C81EF', 'C57A1A6C-C862-47F3-B0E7-626002CB5518', 0),
('A4181716-2B9C-429F-90D1-A8601B6F3ADC', 'C57A1A6C-C862-47F3-B0E7-626002CB5518', 0),
('C87632AB-1184-44DC-878A-5FBD30B656A6', 'C57A1A6C-C862-47F3-B0E7-626002CB5518', 0),
('DF734454-1C51-4365-A87F-E13C48EB7BE7', 'C57A1A6C-C862-47F3-B0E7-626002CB5518', 0),
('14F4A444-CF47-4BB9-86E5-C9504C43D061', 'C57A1A6C-C862-47F3-B0E7-626002CB5518', 0),
('9360A4B6-580E-4203-85A5-1088C862575A', 'C57A1A6C-C862-47F3-B0E7-626002CB5518', 0),
('2AD60947-AA90-42C0-BF0E-B40192B8F1D7', 'C57A1A6C-C862-47F3-B0E7-626002CB5518', 0),
('B4D56EC6-E2A0-44EE-B9DD-7A6900C71DCF', 'C57A1A6C-C862-47F3-B0E7-626002CB5518', 0),
('E2CEA77A-4025-42A0-B561-E3A6E4A78B78', 'C57A1A6C-C862-47F3-B0E7-626002CB5518', 0),
('5A25B1DB-BAE9-4C82-980C-DD6D8937CE4D', 'C57A1A6C-C862-47F3-B0E7-626002CB5518', 0),
('F9EEF704-351B-4B11-B0CF-E5880D1C991B', 'C57A1A6C-C862-47F3-B0E7-626002CB5518', 0),
('7558D06A-B0E1-48BD-96E9-E007662E76DC', 'C57A1A6C-C862-47F3-B0E7-626002CB5518', 0),
('DD8DCDB5-FF41-4A5E-B02F-DF1E8D373561', 'C57A1A6C-C862-47F3-B0E7-626002CB5518', 0),
('C8051877-3086-46D2-937B-3839229F8859', 'C57A1A6C-C862-47F3-B0E7-626002CB5518', 0),
('8B430357-F983-406F-9858-185ECE0CE8E7', 'C57A1A6C-C862-47F3-B0E7-626002CB5518', 0),
('0728517F-C729-4EC9-A6EA-1BA69EFACA43', 'C57A1A6C-C862-47F3-B0E7-626002CB5518', 0),
('95E78312-1DFF-4C48-8119-82C784DE5523', 'C57A1A6C-C862-47F3-B0E7-626002CB5518', 1),
('25AEC57A-C2CA-49A5-863E-ED15D96D9ACE', '834E32A3-4189-40E5-8B12-27DFB9066CC7', 1),
('A4181716-2B9C-429F-90D1-A8601B6F3ADC', '834E32A3-4189-40E5-8B12-27DFB9066CC7', 0),
('488CE4C4-AB4C-420F-9B1A-4B312099F507', '834E32A3-4189-40E5-8B12-27DFB9066CC7', 0),
('39154697-3070-4248-AA0B-82DCE1BBEC78', '480673A9-3145-4C97-BCF6-A200CEE9D097', 1),
('8211C392-4E53-4C83-9BD0-7A7C47227A60', '480673A9-3145-4C97-BCF6-A200CEE9D097', 0),
('488CE4C4-AB4C-420F-9B1A-4B312099F507', '480673A9-3145-4C97-BCF6-A200CEE9D097', 0),
('C97A55E1-6F52-4317-9DA5-EA23E802A6C3', '2F64086F-D6FB-4ADF-9701-8226584103DE', 1),
('8211C392-4E53-4C83-9BD0-7A7C47227A60', '2F64086F-D6FB-4ADF-9701-8226584103DE', 0),
('39154697-3070-4248-AA0B-82DCE1BBEC78', 'CE69A7BC-4EA4-4AA8-A72D-177024E27C9E', 1),
('7558D06A-B0E1-48BD-96E9-E007662E76DC', 'CE69A7BC-4EA4-4AA8-A72D-177024E27C9E', 0),
('488CE4C4-AB4C-420F-9B1A-4B312099F507', 'CE69A7BC-4EA4-4AA8-A72D-177024E27C9E', 0),
('8B430357-F983-406F-9858-185ECE0CE8E7', 'CE69A7BC-4EA4-4AA8-A72D-177024E27C9E', 0),
('8211C392-4E53-4C83-9BD0-7A7C47227A60', 'CE69A7BC-4EA4-4AA8-A72D-177024E27C9E', 0),
('2AD60947-AA90-42C0-BF0E-B40192B8F1D7', 'CE69A7BC-4EA4-4AA8-A72D-177024E27C9E', 0),
('14F4A444-CF47-4BB9-86E5-C9504C43D061', 'CE69A7BC-4EA4-4AA8-A72D-177024E27C9E', 0),
('5F9A2B75-6A12-4587-8C7A-40AC410204DD', 'CE69A7BC-4EA4-4AA8-A72D-177024E27C9E', 0),
('4F4A90CF-DAE0-46F0-95A1-0FEA578F5FA1', 'CE69A7BC-4EA4-4AA8-A72D-177024E27C9E', 0),
('39154697-3070-4248-AA0B-82DCE1BBEC78', 'CE69A7BC-4EA4-4AA8-A72D-177024E27C9E', 1),
('7558D06A-B0E1-48BD-96E9-E007662E76DC', 'CE69A7BC-4EA4-4AA8-A72D-177024E27C9E', 0),
('8211C392-4E53-4C83-9BD0-7A7C47227A60', 'CE69A7BC-4EA4-4AA8-A72D-177024E27C9E', 0),
('488CE4C4-AB4C-420F-9B1A-4B312099F507', 'CE69A7BC-4EA4-4AA8-A72D-177024E27C9E', 0),
('7E174563-7D7D-4C7C-8F17-C233DBD4B427', 'CE69A7BC-4EA4-4AA8-A72D-177024E27C9E', 0),
('C467A78C-4687-422F-883F-0114992BEAD5', 'CE69A7BC-4EA4-4AA8-A72D-177024E27C9E', 0),
('39154697-3070-4248-AA0B-82DCE1BBEC78', 'D1E72732-922C-4962-9141-E81CD1F5D4E9', 1),
('8211C392-4E53-4C83-9BD0-7A7C47227A60', 'D1E72732-922C-4962-9141-E81CD1F5D4E9', 0),
('4F4A90CF-DAE0-46F0-95A1-0FEA578F5FA1', 'D1E72732-922C-4962-9141-E81CD1F5D4E9', 0),
('2B2C60F6-8183-4A3A-841F-408F7F3BD855', '9B0ADF18-8FA9-4306-9572-FB707C01C30C', 1),
('A4181716-2B9C-429F-90D1-A8601B6F3ADC', '9B0ADF18-8FA9-4306-9572-FB707C01C30C', 0),
('8B430357-F983-406F-9858-185ECE0CE8E7', '9B0ADF18-8FA9-4306-9572-FB707C01C30C', 0),
('8BB78AE0-C441-4BF2-AD23-D1A6D88B2A33', '9B0ADF18-8FA9-4306-9572-FB707C01C30C', 0),
('86592CC5-DF85-429C-AA77-4EDE20852265', '9B0ADF18-8FA9-4306-9572-FB707C01C30C', 0),
('488CE4C4-AB4C-420F-9B1A-4B312099F507', '9B0ADF18-8FA9-4306-9572-FB707C01C30C', 0),
('0728517F-C729-4EC9-A6EA-1BA69EFACA43', '9B0ADF18-8FA9-4306-9572-FB707C01C30C', 0),
('05CDBBFA-DCEF-45E6-A1F3-B9B2F37C81EF', '9B0ADF18-8FA9-4306-9572-FB707C01C30C', 0),
('B4D56EC6-E2A0-44EE-B9DD-7A6900C71DCF', '9B0ADF18-8FA9-4306-9572-FB707C01C30C', 0),
('95E78312-1DFF-4C48-8119-82C784DE5523', '9B0ADF18-8FA9-4306-9572-FB707C01C30C', 1),
('39154697-3070-4248-AA0B-82DCE1BBEC78', 'F76BCEFC-79F2-4604-886E-BAD4CDD9216D', 1),
('0728517F-C729-4EC9-A6EA-1BA69EFACA43', 'D5530303-8F8D-4F85-B36D-5CE13B408583', 1),
('8211C392-4E53-4C83-9BD0-7A7C47227A60', 'D5530303-8F8D-4F85-B36D-5CE13B408583', 0),
('C97A55E1-6F52-4317-9DA5-EA23E802A6C3', 'D5530303-8F8D-4F85-B36D-5CE13B408583', 0),
('DCD2B846-A83E-4177-ADB0-7CD8B31C116F', 'D5530303-8F8D-4F85-B36D-5CE13B408583', 0),
('4F4A90CF-DAE0-46F0-95A1-0FEA578F5FA1', 'D5530303-8F8D-4F85-B36D-5CE13B408583', 0),
('5D1C2C16-66BC-4D0F-97DA-89C201FF12FF', 'E8B1535E-E721-4F49-BA67-BA4B8D0276B9', 1),
('F3E6DBCE-32F6-47E1-BC55-03524F993D80', 'E8B1535E-E721-4F49-BA67-BA4B8D0276B9', 0),
('0728517F-C729-4EC9-A6EA-1BA69EFACA43', 'E8B1535E-E721-4F49-BA67-BA4B8D0276B9', 0),
('2B2C60F6-8183-4A3A-841F-408F7F3BD855', '40FF3A4C-C5E4-4E59-81C6-280446AB3E79', 1),
('A4181716-2B9C-429F-90D1-A8601B6F3ADC', '40FF3A4C-C5E4-4E59-81C6-280446AB3E79', 0),
('488CE4C4-AB4C-420F-9B1A-4B312099F507', '40FF3A4C-C5E4-4E59-81C6-280446AB3E79', 0),
('14F4A444-CF47-4BB9-86E5-C9504C43D061', '40FF3A4C-C5E4-4E59-81C6-280446AB3E79', 0),
('C87632AB-1184-44DC-878A-5FBD30B656A6', '40FF3A4C-C5E4-4E59-81C6-280446AB3E79', 0),
('25AEC57A-C2CA-49A5-863E-ED15D96D9ACE', 'D7321F50-6922-46A8-B2F4-17F16C74E393', 1),
('488CE4C4-AB4C-420F-9B1A-4B312099F507', 'D7321F50-6922-46A8-B2F4-17F16C74E393', 0),
('A5ECCF6B-F00F-4E37-A57A-B16864F4F62F', 'D7321F50-6922-46A8-B2F4-17F16C74E393', 0),
('7558D06A-B0E1-48BD-96E9-E007662E76DC', 'D7321F50-6922-46A8-B2F4-17F16C74E393', 0),
('8B430357-F983-406F-9858-185ECE0CE8E7', 'D7321F50-6922-46A8-B2F4-17F16C74E393', 0),
('8BB78AE0-C441-4BF2-AD23-D1A6D88B2A33', 'D7321F50-6922-46A8-B2F4-17F16C74E393', 0),
('3FCC0DC4-45AE-4286-83E1-BFB5DCF30F77', 'D7321F50-6922-46A8-B2F4-17F16C74E393', 0),
('86592CC5-DF85-429C-AA77-4EDE20852265', 'D7321F50-6922-46A8-B2F4-17F16C74E393', 0),
('15CE8C08-5F46-4EBB-87A6-82728C61DE54', 'D7321F50-6922-46A8-B2F4-17F16C74E393', 0),
('25AEC57A-C2CA-49A5-863E-ED15D96D9ACE', 'D7321F50-6922-46A8-B2F4-17F16C74E393', 1),
('A4181716-2B9C-429F-90D1-A8601B6F3ADC', 'D7321F50-6922-46A8-B2F4-17F16C74E393', 0),
('8BB78AE0-C441-4BF2-AD23-D1A6D88B2A33', 'D7321F50-6922-46A8-B2F4-17F16C74E393', 0),
('39154697-3070-4248-AA0B-82DCE1BBEC78', '50E4ABF3-D392-4EA1-B4A6-5E342CDF87ED', 1),
('8211C392-4E53-4C83-9BD0-7A7C47227A60', '50E4ABF3-D392-4EA1-B4A6-5E342CDF87ED', 0),
('488CE4C4-AB4C-420F-9B1A-4B312099F507', '50E4ABF3-D392-4EA1-B4A6-5E342CDF87ED', 0),
('7558D06A-B0E1-48BD-96E9-E007662E76DC', '50E4ABF3-D392-4EA1-B4A6-5E342CDF87ED', 0),
('A4181716-2B9C-429F-90D1-A8601B6F3ADC', '50E4ABF3-D392-4EA1-B4A6-5E342CDF87ED', 0),
('F3E6DBCE-32F6-47E1-BC55-03524F993D80', '50E4ABF3-D392-4EA1-B4A6-5E342CDF87ED', 0),
('39154697-3070-4248-AA0B-82DCE1BBEC78', '7651EADD-032D-423E-9B3D-1F598C18BD4C', 1),
('A4181716-2B9C-429F-90D1-A8601B6F3ADC', '7651EADD-032D-423E-9B3D-1F598C18BD4C', 0),
('2AD60947-AA90-42C0-BF0E-B40192B8F1D7', '7651EADD-032D-423E-9B3D-1F598C18BD4C', 0),
('9360A4B6-580E-4203-85A5-1088C862575A', '7651EADD-032D-423E-9B3D-1F598C18BD4C', 0),
('488CE4C4-AB4C-420F-9B1A-4B312099F507', '7651EADD-032D-423E-9B3D-1F598C18BD4C', 0),
('86592CC5-DF85-429C-AA77-4EDE20852265', '7651EADD-032D-423E-9B3D-1F598C18BD4C', 0),
('14F4A444-CF47-4BB9-86E5-C9504C43D061', '7651EADD-032D-423E-9B3D-1F598C18BD4C', 0),
('8B430357-F983-406F-9858-185ECE0CE8E7', '7651EADD-032D-423E-9B3D-1F598C18BD4C', 0),
('E822765B-D828-44D2-9420-566141755577', '7651EADD-032D-423E-9B3D-1F598C18BD4C', 0),
('F3E6DBCE-32F6-47E1-BC55-03524F993D80', '7651EADD-032D-423E-9B3D-1F598C18BD4C', 0),
('9540ABC9-94E3-415C-B4F4-6B3695164F98', '7651EADD-032D-423E-9B3D-1F598C18BD4C', 0),
('40BA5AEA-28C4-462F-9D5B-784CE84C5CEA', '7651EADD-032D-423E-9B3D-1F598C18BD4C', 1),
('DEC1DCBC-9B2A-4792-AC95-9BE18EEB379C', '28AD32E5-D3A8-456B-B79C-F09D71DC4D97', 1),
('488CE4C4-AB4C-420F-9B1A-4B312099F507', '28AD32E5-D3A8-456B-B79C-F09D71DC4D97', 0),
('DCD2B846-A83E-4177-ADB0-7CD8B31C116F', '28AD32E5-D3A8-456B-B79C-F09D71DC4D97', 0),
('C97A55E1-6F52-4317-9DA5-EA23E802A6C3', '28AD32E5-D3A8-456B-B79C-F09D71DC4D97', 0),
('EFBC66C9-EAE5-4E63-9E78-6B3B85127A2C', '28AD32E5-D3A8-456B-B79C-F09D71DC4D97', 0),
('8211C392-4E53-4C83-9BD0-7A7C47227A60', '28AD32E5-D3A8-456B-B79C-F09D71DC4D97', 0),
('39154697-3070-4248-AA0B-82DCE1BBEC78', 'CF8DED6F-ACF6-4DC9-BBFC-601B30613CE8', 1),
('8BB78AE0-C441-4BF2-AD23-D1A6D88B2A33', 'CF8DED6F-ACF6-4DC9-BBFC-601B30613CE8', 0),
('B07B4BC4-FA54-4D2A-8D0C-7D04925E3914', 'CF8DED6F-ACF6-4DC9-BBFC-601B30613CE8', 0),
('5D1C2C16-66BC-4D0F-97DA-89C201FF12FF', '42BB5FE1-9C2F-4196-A12C-5FD2CDFFCEB8', 1),
('40BA5AEA-28C4-462F-9D5B-784CE84C5CEA', '42328E6D-2823-4DCB-AE29-09C87E96C862', 1),
('2AD60947-AA90-42C0-BF0E-B40192B8F1D7', '42328E6D-2823-4DCB-AE29-09C87E96C862', 0),
('488CE4C4-AB4C-420F-9B1A-4B312099F507', '42328E6D-2823-4DCB-AE29-09C87E96C862', 0),
('14F4A444-CF47-4BB9-86E5-C9504C43D061', '42328E6D-2823-4DCB-AE29-09C87E96C862', 0),
('39154697-3070-4248-AA0B-82DCE1BBEC78', '1F1F2BE6-796A-44E9-8CB2-1AEC19019523', 1),
('8BB78AE0-C441-4BF2-AD23-D1A6D88B2A33', '1F1F2BE6-796A-44E9-8CB2-1AEC19019523', 0),
('488CE4C4-AB4C-420F-9B1A-4B312099F507', '1F1F2BE6-796A-44E9-8CB2-1AEC19019523', 0),
('2AD60947-AA90-42C0-BF0E-B40192B8F1D7', '1F1F2BE6-796A-44E9-8CB2-1AEC19019523', 0),
('5F9A2B75-6A12-4587-8C7A-40AC410204DD', '1F1F2BE6-796A-44E9-8CB2-1AEC19019523', 0),
('95E78312-1DFF-4C48-8119-82C784DE5523', '1F1F2BE6-796A-44E9-8CB2-1AEC19019523', 1),
('7A5C6D61-16AC-484F-83F8-8051770C8C86', '96E02017-56D6-4AB2-95BA-DC96699D3469', 1),
('14F4A444-CF47-4BB9-86E5-C9504C43D061', '96E02017-56D6-4AB2-95BA-DC96699D3469', 0),
('8BB78AE0-C441-4BF2-AD23-D1A6D88B2A33', '96E02017-56D6-4AB2-95BA-DC96699D3469', 0),
('9360A4B6-580E-4203-85A5-1088C862575A', '96E02017-56D6-4AB2-95BA-DC96699D3469', 0),
('488CE4C4-AB4C-420F-9B1A-4B312099F507', '96E02017-56D6-4AB2-95BA-DC96699D3469', 0),
('7558D06A-B0E1-48BD-96E9-E007662E76DC', '96E02017-56D6-4AB2-95BA-DC96699D3469', 0),
('F3E6DBCE-32F6-47E1-BC55-03524F993D80', '4A327274-E389-4F6E-A5D3-1EB646468C67', 1),
('3FCC0DC4-45AE-4286-83E1-BFB5DCF30F77', '4A327274-E389-4F6E-A5D3-1EB646468C67', 0),
('488CE4C4-AB4C-420F-9B1A-4B312099F507', '4A327274-E389-4F6E-A5D3-1EB646468C67', 0),
('8211C392-4E53-4C83-9BD0-7A7C47227A60', '4A327274-E389-4F6E-A5D3-1EB646468C67', 0),
('4F4A90CF-DAE0-46F0-95A1-0FEA578F5FA1', '4A327274-E389-4F6E-A5D3-1EB646468C67', 0),
('39154697-3070-4248-AA0B-82DCE1BBEC78', '171C9FBE-320F-4496-86FE-BF45473A2B30', 1),
('14F4A444-CF47-4BB9-86E5-C9504C43D061', '171C9FBE-320F-4496-86FE-BF45473A2B30', 0),
('7558D06A-B0E1-48BD-96E9-E007662E76DC', '171C9FBE-320F-4496-86FE-BF45473A2B30', 0),
('488CE4C4-AB4C-420F-9B1A-4B312099F507', '171C9FBE-320F-4496-86FE-BF45473A2B30', 0),
('9360A4B6-580E-4203-85A5-1088C862575A', '171C9FBE-320F-4496-86FE-BF45473A2B30', 0),
('0887C174-DDC3-4308-A67B-070B499F9062', '171C9FBE-320F-4496-86FE-BF45473A2B30', 0),
('86592CC5-DF85-429C-AA77-4EDE20852265', '171C9FBE-320F-4496-86FE-BF45473A2B30', 0),
('8BB78AE0-C441-4BF2-AD23-D1A6D88B2A33', '171C9FBE-320F-4496-86FE-BF45473A2B30', 0),
('5A25B1DB-BAE9-4C82-980C-DD6D8937CE4D', '171C9FBE-320F-4496-86FE-BF45473A2B30', 0),
('E2CEA77A-4025-42A0-B561-E3A6E4A78B78', '171C9FBE-320F-4496-86FE-BF45473A2B30', 0),
('39154697-3070-4248-AA0B-82DCE1BBEC78', '8895F198-F429-4B78-89F0-0AD1E4DB75FD', 1),
('8BB78AE0-C441-4BF2-AD23-D1A6D88B2A33', '8895F198-F429-4B78-89F0-0AD1E4DB75FD', 0),
('488CE4C4-AB4C-420F-9B1A-4B312099F507', '8895F198-F429-4B78-89F0-0AD1E4DB75FD', 0),
('39154697-3070-4248-AA0B-82DCE1BBEC78', 'B18C80A3-B1A0-472B-8260-B4E8ED6ABB04', 1),
('8BB78AE0-C441-4BF2-AD23-D1A6D88B2A33', 'B18C80A3-B1A0-472B-8260-B4E8ED6ABB04', 0),
('F3E6DBCE-32F6-47E1-BC55-03524F993D80', 'B18C80A3-B1A0-472B-8260-B4E8ED6ABB04', 0),
('488CE4C4-AB4C-420F-9B1A-4B312099F507', 'B18C80A3-B1A0-472B-8260-B4E8ED6ABB04', 0),
('9360A4B6-580E-4203-85A5-1088C862575A', 'B18C80A3-B1A0-472B-8260-B4E8ED6ABB04', 0),
('39154697-3070-4248-AA0B-82DCE1BBEC78', '7B0AAD08-7C99-4828-AB8D-3D714BAA0FF8', 1),
('8211C392-4E53-4C83-9BD0-7A7C47227A60', '7B0AAD08-7C99-4828-AB8D-3D714BAA0FF8', 0),
('C97A55E1-6F52-4317-9DA5-EA23E802A6C3', '7B0AAD08-7C99-4828-AB8D-3D714BAA0FF8', 0),
('C467A78C-4687-422F-883F-0114992BEAD5', '7B0AAD08-7C99-4828-AB8D-3D714BAA0FF8', 0),
('F909AA54-6C10-490A-85D4-EDF385C3DE1E', '7B0AAD08-7C99-4828-AB8D-3D714BAA0FF8', 0),
('39154697-3070-4248-AA0B-82DCE1BBEC78', 'C751484C-E6A7-4D73-8FE1-FA7EE7228CA2', 1),
('14F4A444-CF47-4BB9-86E5-C9504C43D061', 'C751484C-E6A7-4D73-8FE1-FA7EE7228CA2', 0),
('5A25B1DB-BAE9-4C82-980C-DD6D8937CE4D', 'C751484C-E6A7-4D73-8FE1-FA7EE7228CA2', 0),
('9360A4B6-580E-4203-85A5-1088C862575A', 'C751484C-E6A7-4D73-8FE1-FA7EE7228CA2', 0),
('826768F9-6F68-4478-9A20-0417A943E745', 'C751484C-E6A7-4D73-8FE1-FA7EE7228CA2', 0),
('488CE4C4-AB4C-420F-9B1A-4B312099F507', 'C751484C-E6A7-4D73-8FE1-FA7EE7228CA2', 0),
('7558D06A-B0E1-48BD-96E9-E007662E76DC', 'C751484C-E6A7-4D73-8FE1-FA7EE7228CA2', 0),
('F9EEF704-351B-4B11-B0CF-E5880D1C991B', 'C751484C-E6A7-4D73-8FE1-FA7EE7228CA2', 0),
('3B409AA8-1B56-498B-89FA-FC737245EA8A', 'C751484C-E6A7-4D73-8FE1-FA7EE7228CA2', 0),
('0887C174-DDC3-4308-A67B-070B499F9062', 'C751484C-E6A7-4D73-8FE1-FA7EE7228CA2', 0),
('8B430357-F983-406F-9858-185ECE0CE8E7', 'C751484C-E6A7-4D73-8FE1-FA7EE7228CA2', 0),
('1F6EE2BA-C88E-4105-B5D8-56E4E7362D93', 'C751484C-E6A7-4D73-8FE1-FA7EE7228CA2', 0),
('2AD60947-AA90-42C0-BF0E-B40192B8F1D7', 'C751484C-E6A7-4D73-8FE1-FA7EE7228CA2', 0),
('51CA79ED-7F7F-4767-BE90-C2BB060DC2EB', 'C751484C-E6A7-4D73-8FE1-FA7EE7228CA2', 0),
('B11516EE-5CFD-45B3-93EE-DFE4726EF339', 'C751484C-E6A7-4D73-8FE1-FA7EE7228CA2', 0),
('1F6AEB4D-62E1-4E46-AF01-81CA2B65843F', 'C751484C-E6A7-4D73-8FE1-FA7EE7228CA2', 0),
('E2CEA77A-4025-42A0-B561-E3A6E4A78B78', 'C751484C-E6A7-4D73-8FE1-FA7EE7228CA2', 0),
('C87632AB-1184-44DC-878A-5FBD30B656A6', 'C751484C-E6A7-4D73-8FE1-FA7EE7228CA2', 0),
('8BB78AE0-C441-4BF2-AD23-D1A6D88B2A33', 'C751484C-E6A7-4D73-8FE1-FA7EE7228CA2', 0),
('86592CC5-DF85-429C-AA77-4EDE20852265', 'C751484C-E6A7-4D73-8FE1-FA7EE7228CA2', 0),
('DF734454-1C51-4365-A87F-E13C48EB7BE7', 'C751484C-E6A7-4D73-8FE1-FA7EE7228CA2', 0),
('2B097F7C-8734-42FD-A106-2065B9D0E18D', 'C751484C-E6A7-4D73-8FE1-FA7EE7228CA2', 0),
('25AEC57A-C2CA-49A5-863E-ED15D96D9ACE', 'C751484C-E6A7-4D73-8FE1-FA7EE7228CA2', 1),
('39154697-3070-4248-AA0B-82DCE1BBEC78', 'A997EAF4-FFE2-4BA4-BE7C-D8B7E1F9BDE7', 1),
('8211C392-4E53-4C83-9BD0-7A7C47227A60', 'A997EAF4-FFE2-4BA4-BE7C-D8B7E1F9BDE7', 0),
('F8D93B69-3D7D-4968-BB4E-23EF6D91BD5B', 'A997EAF4-FFE2-4BA4-BE7C-D8B7E1F9BDE7', 0),
('FD6A6CA2-E82B-4347-BFEB-9D1B4AE68AF1', 'C5AD0D5F-855A-4FCF-B29A-D09F1ED47419', 1),
('C3740C2F-79A3-4DD1-A69F-8F1190E49BF9', 'C5AD0D5F-855A-4FCF-B29A-D09F1ED47419', 0),
('C467A78C-4687-422F-883F-0114992BEAD5', 'C5AD0D5F-855A-4FCF-B29A-D09F1ED47419', 0),
('A4181716-2B9C-429F-90D1-A8601B6F3ADC', 'C5AD0D5F-855A-4FCF-B29A-D09F1ED47419', 0),
('DF734454-1C51-4365-A87F-E13C48EB7BE7', 'C5AD0D5F-855A-4FCF-B29A-D09F1ED47419', 0),
('3AEB57CC-5D51-4B59-A098-F79D746634DD', 'C5AD0D5F-855A-4FCF-B29A-D09F1ED47419', 0),
('8211C392-4E53-4C83-9BD0-7A7C47227A60', '4C1E57D8-BD6A-4C39-9485-B16A2DD51D1B', 1),
('C97A55E1-6F52-4317-9DA5-EA23E802A6C3', '4C1E57D8-BD6A-4C39-9485-B16A2DD51D1B', 0),
('25AEC57A-C2CA-49A5-863E-ED15D96D9ACE', '271B0C0E-E68D-4823-9EDB-DFC038298B17', 1),
('488CE4C4-AB4C-420F-9B1A-4B312099F507', '271B0C0E-E68D-4823-9EDB-DFC038298B17', 0),
('A5ECCF6B-F00F-4E37-A57A-B16864F4F62F', '271B0C0E-E68D-4823-9EDB-DFC038298B17', 0),
('7558D06A-B0E1-48BD-96E9-E007662E76DC', '271B0C0E-E68D-4823-9EDB-DFC038298B17', 0),
('8B430357-F983-406F-9858-185ECE0CE8E7', '271B0C0E-E68D-4823-9EDB-DFC038298B17', 0),
('8BB78AE0-C441-4BF2-AD23-D1A6D88B2A33', '271B0C0E-E68D-4823-9EDB-DFC038298B17', 0),
('3FCC0DC4-45AE-4286-83E1-BFB5DCF30F77', '271B0C0E-E68D-4823-9EDB-DFC038298B17', 0),
('86592CC5-DF85-429C-AA77-4EDE20852265', '271B0C0E-E68D-4823-9EDB-DFC038298B17', 0),
('15CE8C08-5F46-4EBB-87A6-82728C61DE54', '271B0C0E-E68D-4823-9EDB-DFC038298B17', 0),
('25AEC57A-C2CA-49A5-863E-ED15D96D9ACE', '271B0C0E-E68D-4823-9EDB-DFC038298B17', 1),
('A4181716-2B9C-429F-90D1-A8601B6F3ADC', '271B0C0E-E68D-4823-9EDB-DFC038298B17', 0),
('8BB78AE0-C441-4BF2-AD23-D1A6D88B2A33', '271B0C0E-E68D-4823-9EDB-DFC038298B17', 0),
('8211C392-4E53-4C83-9BD0-7A7C47227A60', 'EA12ED2C-39D1-42B8-A92F-85DF92ABD122', 1),
('EFBC66C9-EAE5-4E63-9E78-6B3B85127A2C', 'EA12ED2C-39D1-42B8-A92F-85DF92ABD122', 0),
('488CE4C4-AB4C-420F-9B1A-4B312099F507', 'EA12ED2C-39D1-42B8-A92F-85DF92ABD122', 0),
('8BB78AE0-C441-4BF2-AD23-D1A6D88B2A33', 'EA12ED2C-39D1-42B8-A92F-85DF92ABD122', 0),
('0728517F-C729-4EC9-A6EA-1BA69EFACA43', 'EA12ED2C-39D1-42B8-A92F-85DF92ABD122', 0),
('05CDBBFA-DCEF-45E6-A1F3-B9B2F37C81EF', 'EA12ED2C-39D1-42B8-A92F-85DF92ABD122', 0),
('A4181716-2B9C-429F-90D1-A8601B6F3ADC', 'EA12ED2C-39D1-42B8-A92F-85DF92ABD122', 0),
('8F69CF82-8EB6-4603-941F-EF923E2E600E', 'EA12ED2C-39D1-42B8-A92F-85DF92ABD122', 0),
('4F4A90CF-DAE0-46F0-95A1-0FEA578F5FA1', 'EA12ED2C-39D1-42B8-A92F-85DF92ABD122', 0),
('F3E6DBCE-32F6-47E1-BC55-03524F993D80', 'EA12ED2C-39D1-42B8-A92F-85DF92ABD122', 0),
('3FCC0DC4-45AE-4286-83E1-BFB5DCF30F77', 'EA12ED2C-39D1-42B8-A92F-85DF92ABD122', 0),
('F8D93B69-3D7D-4968-BB4E-23EF6D91BD5B', 'EA12ED2C-39D1-42B8-A92F-85DF92ABD122', 0),
('39154697-3070-4248-AA0B-82DCE1BBEC78', 'F89FC6D6-7A00-49FF-8C9A-DE347D7DD1FC', 1),
('EFBC66C9-EAE5-4E63-9E78-6B3B85127A2C', 'F89FC6D6-7A00-49FF-8C9A-DE347D7DD1FC', 0),
('8B430357-F983-406F-9858-185ECE0CE8E7', 'F89FC6D6-7A00-49FF-8C9A-DE347D7DD1FC', 0),
('2B2C60F6-8183-4A3A-841F-408F7F3BD855', '33413752-E6D4-44C4-BDBC-E8A8609065D5', 1),
('488CE4C4-AB4C-420F-9B1A-4B312099F507', '33413752-E6D4-44C4-BDBC-E8A8609065D5', 0),
('F3E6DBCE-32F6-47E1-BC55-03524F993D80', '33413752-E6D4-44C4-BDBC-E8A8609065D5', 0),
('0728517F-C729-4EC9-A6EA-1BA69EFACA43', '33413752-E6D4-44C4-BDBC-E8A8609065D5', 0),
('05CDBBFA-DCEF-45E6-A1F3-B9B2F37C81EF', '33413752-E6D4-44C4-BDBC-E8A8609065D5', 0),
('FD6A6CA2-E82B-4347-BFEB-9D1B4AE68AF1', '9698AED9-9EA4-4AF2-B71B-9BAD15923A6A', 1),
('C3740C2F-79A3-4DD1-A69F-8F1190E49BF9', '9698AED9-9EA4-4AF2-B71B-9BAD15923A6A', 0),
('3AEB57CC-5D51-4B59-A098-F79D746634DD', '9698AED9-9EA4-4AF2-B71B-9BAD15923A6A', 0);

-- --------------------------------------------------------

--
-- Structure de la table `personne_cours`
--

DROP TABLE IF EXISTS `personne_cours`;
CREATE TABLE IF NOT EXISTS `personne_cours` (
  `id_personne` varchar(40) COLLATE utf8mb4_unicode_ci NOT NULL,
  `id_cours` varchar(40) COLLATE utf8mb4_unicode_ci NOT NULL,
  `rang_personne` tinyint(1) NOT NULL,
  KEY `IDX_E92B9DF55F15257A` (`id_personne`),
  KEY `IDX_E92B9DF5134FCDAC` (`id_cours`)
) ENGINE=InnoDB DEFAULT CHARSET=utf8mb4 COLLATE=utf8mb4_unicode_ci;

-- --------------------------------------------------------

--
-- Structure de la table `personne_proposition`
--

DROP TABLE IF EXISTS `personne_proposition`;
CREATE TABLE IF NOT EXISTS `personne_proposition` (
  `id_personne` varchar(40) COLLATE utf8mb4_unicode_ci NOT NULL,
  `id_proposition` varchar(40) COLLATE utf8mb4_unicode_ci NOT NULL,
  KEY `IDX_C05A0E025F15257A` (`id_personne`),
  KEY `IDX_C05A0E02DFDF0EA4` (`id_proposition`)
) ENGINE=InnoDB DEFAULT CHARSET=utf8mb4 COLLATE=utf8mb4_unicode_ci;

--
-- Déchargement des données de la table `personne_proposition`
--

INSERT INTO `personne_proposition` (`id_personne`, `id_proposition`) VALUES
('11AF6358-42EE-458F-AFA0-37281E744FDF', '9804EDB3-2999-4BFB-B17D-9C83A5ACE066'),
('7558D06A-B0E1-48BD-96E9-E007662E76DC', '9804EDB3-2999-4BFB-B17D-9C83A5ACE066'),
('EFBC66C9-EAE5-4E63-9E78-6B3B85127A2C', '9804EDB3-2999-4BFB-B17D-9C83A5ACE066'),
('0728517F-C729-4EC9-A6EA-1BA69EFACA43', '9804EDB3-2999-4BFB-B17D-9C83A5ACE066'),
('172446CE-0510-430D-ABEE-0E34FB1C2EAC', '9804EDB3-2999-4BFB-B17D-9C83A5ACE066'),
('7A5C6D61-16AC-484F-83F8-8051770C8C86', '9804EDB3-2999-4BFB-B17D-9C83A5ACE066');

-- --------------------------------------------------------

--
-- Structure de la table `personne_tag`
--

DROP TABLE IF EXISTS `personne_tag`;
CREATE TABLE IF NOT EXISTS `personne_tag` (
  `id_personne` varchar(40) COLLATE utf8mb4_unicode_ci NOT NULL,
  `id_niveau` varchar(40) COLLATE utf8mb4_unicode_ci DEFAULT NULL,
  `id_matiere` varchar(40) COLLATE utf8mb4_unicode_ci NOT NULL,
  KEY `IDX_9B46B5895F15257A` (`id_personne`),
  KEY `IDX_9B46B5896DE84686` (`id_niveau`),
  KEY `IDX_9B46B5894E89FE3A` (`id_matiere`)
) ENGINE=InnoDB DEFAULT CHARSET=utf8mb4 COLLATE=utf8mb4_unicode_ci;

-- --------------------------------------------------------


--
-- Structure de la table `proposition`
--

DROP TABLE IF EXISTS `proposition`;
CREATE TABLE IF NOT EXISTS `proposition` (
  `id_proposition` varchar(40) COLLATE utf8mb4_unicode_ci NOT NULL,
  `id_createur` varchar(40) COLLATE utf8mb4_unicode_ci DEFAULT NULL,
  `id_matiere` varchar(40) COLLATE utf8mb4_unicode_ci DEFAULT NULL,
  PRIMARY KEY (`id_proposition`),
  KEY `IDX_C7CDC353AA033611` (`id_createur`),
  KEY `Fk_Matiere3` (`id_matiere`)
) ENGINE=InnoDB DEFAULT CHARSET=utf8mb4 COLLATE=utf8mb4_unicode_ci;

--
-- Déchargement des données de la table `proposition`
--

INSERT INTO `proposition` (`id_proposition`, `id_createur`, `id_matiere`) VALUES
('9804EDB3-2999-4BFB-B17D-9C83A5ACE066', NULL, 'FCAE5FC7-D5D3-43E9-881D-80DA214B7FFC');

-- --------------------------------------------------------

--
-- Structure de la table `proposition_promo`
--

DROP TABLE IF EXISTS `proposition_promo`;
CREATE TABLE IF NOT EXISTS `proposition_promo` (
  `id_proposition` varchar(40) COLLATE utf8mb4_unicode_ci NOT NULL,
  `id_promo` varchar(40) COLLATE utf8mb4_unicode_ci NOT NULL,
  KEY `IDX_E43282BDFDF0EA4` (`id_proposition`),
  KEY `IDX_E43282B5E96DBCB` (`id_promo`)
) ENGINE=InnoDB DEFAULT CHARSET=utf8mb4 COLLATE=utf8mb4_unicode_ci;

--
-- Déchargement des données de la table `proposition_promo`
--

INSERT INTO `proposition_promo` (`id_proposition`, `id_promo`) VALUES
('9804EDB3-2999-4BFB-B17D-9C83A5ACE066', 'A7516064-F3FB-41BB-815C-A195DE9E92C9');

-- --------------------------------------------------------


--
-- Structure de la table `vote`
--

DROP TABLE IF EXISTS `vote`;
CREATE TABLE IF NOT EXISTS `vote` (
  `id_vote` varchar(40) COLLATE utf8mb4_unicode_ci NOT NULL,
  `id_personne` varchar(40) COLLATE utf8mb4_unicode_ci NOT NULL,
  `id_question` varchar(40) COLLATE utf8mb4_unicode_ci NOT NULL,
  PRIMARY KEY (`id_vote`),
  KEY `IDX_5A108564F6B8ABB9` (`id_personne`),
  KEY `IDX_5A108564F45F47C8` (`id_question`)
) ENGINE=InnoDB DEFAULT CHARSET=utf8mb4 COLLATE=utf8mb4_unicode_ci;

--
-- Contraintes pour les tables déchargées
--

--
-- Contraintes pour la table `archive`
--
ALTER TABLE `archive`
  ADD CONSTRAINT `FK_D5FC5D9C4E89FE3A` FOREIGN KEY (`id_matiere`) REFERENCES `matiere` (`id_matiere`);

--
-- Contraintes pour la table `archive_promo`
--
ALTER TABLE `archive_promo`
  ADD CONSTRAINT `FK_D7FEF5E15E96DBCB` FOREIGN KEY (`id_promo`) REFERENCES `promo` (`id_promo`) ON DELETE CASCADE ON UPDATE CASCADE,
  ADD CONSTRAINT `FK_D7FEF5E1B61F4EC` FOREIGN KEY (`id_archive`) REFERENCES `archive` (`id_archive`) ON DELETE CASCADE ON UPDATE CASCADE;

--
-- Contraintes pour la table `classe`
--
ALTER TABLE `classe`
  ADD CONSTRAINT `FK_8F87BF965E96DBCB` FOREIGN KEY (`id_promo`) REFERENCES `promo` (`id_promo`) ON DELETE CASCADE ON UPDATE CASCADE;

--
-- Contraintes pour la table `comment`
--
ALTER TABLE `comment`
  ADD CONSTRAINT `FK_9474526CF45F47C8` FOREIGN KEY (`id_question`) REFERENCES `question_forum` (`id_question`) ON DELETE CASCADE ON UPDATE CASCADE,
  ADD CONSTRAINT `FK_9474526CF6B8ABB9` FOREIGN KEY (`id_personne`) REFERENCES `personne` (`id_personne`) ON DELETE CASCADE ON UPDATE CASCADE,
  ADD CONSTRAINT `FK_9474526CFA24FBB4` FOREIGN KEY (`id_reply`) REFERENCES `comment` (`id_comment`) ON DELETE CASCADE ON UPDATE CASCADE;

--
-- Contraintes pour la table `cours`
--
ALTER TABLE `cours`
  ADD CONSTRAINT `FK_FDCA8C9C4E89FE3A` FOREIGN KEY (`id_matiere`) REFERENCES `matiere` (`id_matiere`) ON DELETE CASCADE ON UPDATE CASCADE,
  ADD CONSTRAINT `FK_FDCA8C9C5E96DBCB` FOREIGN KEY (`id_promo`) REFERENCES `promo` (`id_promo`) ON DELETE CASCADE ON UPDATE CASCADE;

--
-- Contraintes pour la table `personne`
--
ALTER TABLE `personne`
  ADD CONSTRAINT `FK_FCEC9EFA9B00A7B` FOREIGN KEY (`id_classe`) REFERENCES `classe` (`id_classe`) ON DELETE CASCADE ON UPDATE CASCADE;

--
-- Contraintes pour la table `personne_archive`
--
ALTER TABLE `personne_archive`
  ADD CONSTRAINT `FK_B73B9615F15257A` FOREIGN KEY (`id_personne`) REFERENCES `personne` (`id_personne`),
  ADD CONSTRAINT `FK_B73B961B61F4EC` FOREIGN KEY (`id_archive`) REFERENCES `archive` (`id_archive`);

--
-- Contraintes pour la table `personne_cours`
--
ALTER TABLE `personne_cours`
  ADD CONSTRAINT `FK_E92B9DF5134FCDAC` FOREIGN KEY (`id_cours`) REFERENCES `cours` (`id_cours`) ON DELETE CASCADE ON UPDATE CASCADE,
  ADD CONSTRAINT `FK_E92B9DF55F15257A` FOREIGN KEY (`id_personne`) REFERENCES `personne` (`id_personne`) ON DELETE CASCADE ON UPDATE CASCADE;

--
-- Contraintes pour la table `personne_proposition`
--
ALTER TABLE `personne_proposition`
  ADD CONSTRAINT `FK_C05A0E025F15257A` FOREIGN KEY (`id_personne`) REFERENCES `personne` (`id_personne`) ON DELETE CASCADE ON UPDATE CASCADE,
  ADD CONSTRAINT `FK_C05A0E02DFDF0EA4` FOREIGN KEY (`id_proposition`) REFERENCES `proposition` (`id_proposition`) ON DELETE CASCADE ON UPDATE CASCADE;

--
-- Contraintes pour la table `personne_tag`
--
ALTER TABLE `personne_tag`
  ADD CONSTRAINT `FK_9B46B5894E89FE3A` FOREIGN KEY (`id_matiere`) REFERENCES `matiere` (`id_matiere`) ON DELETE CASCADE ON UPDATE CASCADE,
  ADD CONSTRAINT `FK_9B46B5895F15257A` FOREIGN KEY (`id_personne`) REFERENCES `personne` (`id_personne`) ON DELETE CASCADE ON UPDATE CASCADE,
  ADD CONSTRAINT `FK_9B46B5896DE84686` FOREIGN KEY (`id_niveau`) REFERENCES `niveau` (`id_niveau`) ON DELETE CASCADE ON UPDATE CASCADE;

--
-- Contraintes pour la table `promo`
--
ALTER TABLE `promo`
  ADD CONSTRAINT `FK_B0139AFBE7FD2B9C` FOREIGN KEY (`id_ecole`) REFERENCES `ecole` (`id_ecole`) ON DELETE CASCADE ON UPDATE CASCADE;

--
-- Contraintes pour la table `proposition`
--
ALTER TABLE `proposition`
  ADD CONSTRAINT `FK_C7CDC3534E89FE3A` FOREIGN KEY (`id_matiere`) REFERENCES `matiere` (`id_matiere`) ON DELETE CASCADE ON UPDATE CASCADE,
  ADD CONSTRAINT `FK_C7CDC353AA033611` FOREIGN KEY (`id_createur`) REFERENCES `personne` (`id_personne`) ON DELETE CASCADE ON UPDATE CASCADE;

--
-- Contraintes pour la table `proposition_promo`
--
ALTER TABLE `proposition_promo`
  ADD CONSTRAINT `FK_E43282B5E96DBCB` FOREIGN KEY (`id_promo`) REFERENCES `promo` (`id_promo`) ON DELETE CASCADE ON UPDATE CASCADE,
  ADD CONSTRAINT `FK_E43282BDFDF0EA4` FOREIGN KEY (`id_proposition`) REFERENCES `proposition` (`id_proposition`) ON DELETE CASCADE ON UPDATE CASCADE;

--
-- Contraintes pour la table `question_forum`
--
ALTER TABLE `question_forum`
  ADD CONSTRAINT `FK_B5C0AFC9F6B8ABB9` FOREIGN KEY (`id_personne`) REFERENCES `personne` (`id_personne`) ON DELETE CASCADE ON UPDATE CASCADE,
  ADD CONSTRAINT `FK_B5CG52F126ER48FG` FOREIGN KEY (`id_matiere`) REFERENCES `matiere` (`id_matiere`) ON DELETE CASCADE ON UPDATE CASCADE;

--
-- Contraintes pour la 
--
ALTER TABLE `vote`
  ADD CONSTRAINT `
FK_5A108564F45F47C8` FOREIGN KEY (`id_question`) REFERENCES `question_forum` (`id_question`) ON DELETE CASCADE ON UPDATE CASCADE,
  ADD CONSTRAINT `FK_5A108564F6B8ABB9` FOREIGN KEY (`id_personne`) REFERENCES `personne` (`id_personne`) ON DELETE CASCADE ON UPDATE CASCADE;
COMMIT;

/*!40101 SET CHARACTER_SET_CLIENT=@OLD_CHARACTER_SET_CLIENT */;
/*!40101 SET CHARACTER_SET_RESULTS=@OLD_CHARACTER_SET_RESULTS */;
/*!40101 SET COLLATION_CONNECTION=@OLD_COLLATION_CONNECTION */;